"","kind","name","description","start_ms","end_ms","trial_id"
"1","type","code element","type of element","250","434","1"
"2","type","code element","type of element","567","767","1"
"3","type","code element","type of element","867","1050","1"
"4","type","code element","type of element","1284","1567","1"
"5","type","code element","type of element","2034","2901","1"
"6","type","code element","type of element","2951","3268","1"
"7","type","code element","type of element","3352","3585","1"
"8","type","code element","type of element","3785","3968","1"
"9","type","code element","type of element","4102","4485","1"
"10","type","code element","type of element","4552","4985","1"
"11","type","code element","type of element","5619","5936","1"
"12","type","code element","type of element","5953","6419","1"
"13","type","code element","type of element","6470","6820","1"
"14","type","code element","type of element","7103","7270","1"
"15","type","code element","type of element","7287","7520","1"
"16","type","code element","type of element","7537","7703","1"
"17","type","code element","type of element","12822","13022","1"
"18","type","code element","type of element","13106","13306","1"
"19","type","code element","type of element","13356","13506","1"
"20","type","code element","type of element","13539","13973","1"
"21","type","code element","type of element","14006","14256","1"
"22","type","code element","type of element","14706","15157","1"
"23","type","code element","type of element","15240","15407","1"
"24","type","code element","type of element","15457","15690","1"
"25","type","code element","type of element","16024","16190","1"
"26","type","code element","type of element","16224","16491","1"
"27","type","code element","type of element","16507","16841","1"
"28","type","code element","type of element","17291","17624","1"
"29","type","code element","type of element","17975","18275","1"
"30","type","code element","type of element","18291","18475","1"
"31","type","code element","type of element","18491","18642","1"
"32","type","code element","type of element","18675","18942","1"
"33","type","code element","type of element","19125","19509","1"
"34","type","code element","type of element","20059","20292","1"
"35","type","code element","type of element","20325","20542","1"
"36","type","code element","type of element","20576","20826","1"
"37","type","code element","type of element","20909","21109","1"
"38","type","code element","type of element","21159","21393","1"
"39","type","code element","type of element","21759","21976","1"
"40","type","code element","type of element","22410","22577","1"
"41","type","code element","type of element","22593","22777","1"
"42","type","code element","type of element","22793","22977","1"
"43","type","code element","type of element","23010","23277","1"
"44","type","code element","type of element","23327","23627","1"
"45","type","code element","type of element","23660","24377","1"
"46","type","code element","type of element","24427","24577","1"
"47","type","code element","type of element","24627","24961","1"
"48","type","code element","type of element","24978","25378","1"
"49","type","code element","type of element","25394","25678","1"
"50","type","code element","type of element","25695","25895","1"
"51","type","code element","type of element","25911","26245","1"
"52","type","code element","type of element","26528","26962","1"
"53","type","code element","type of element","26978","27295","1"
"54","type","code element","type of element","27312","27595","1"
"55","type","code element","type of element","27612","27962","1"
"56","type","code element","type of element","27979","28196","1"
"57","type","code element","type of element","28279","28496","1"
"58","type","code element","type of element","28512","29029","1"
"59","type","code element","type of element","29296","29513","1"
"60","type","code element","type of element","29530","30046","1"
"61","type","code element","type of element","30063","30530","1"
"62","type","code element","type of element","30547","31047","1"
"63","type","code element","type of element","31080","31297","1"
"64","type","code element","type of element","31330","31664","1"
"65","type","code element","type of element","31914","32214","1"
"66","type","code element","type of element","32481","32731","1"
"67","type","code element","type of element","32748","33014","1"
"68","type","code element","type of element","33048","33214","1"
"69","type","code element","type of element","33281","33648","1"
"70","type","code element","type of element","33665","33982","1"
"71","type","code element","type of element","34032","34465","1"
"72","type","code element","type of element","34482","34682","1"
"73","type","code element","type of element","35065","35299","1"
"74","type","code element","type of element","35365","35666","1"
"75","type","code element","type of element","35699","35899","1"
"76","type","code element","type of element","35982","36149","1"
"77","type","code element","type of element","36166","36332","1"
"78","type","code element","type of element","36849","37116","1"
"79","type","code element","type of element","37183","37500","1"
"80","type","code element","type of element","37516","37700","1"
"81","type","code element","type of element","42969","43169","1"
"82","type","code element","type of element","43219","43619","1"
"83","type","code element","type of element","43653","44036","1"
"84","type","code element","type of element","44086","44336","1"
"85","type","code element","type of element","44369","44603","1"
"86","type","code element","type of element","44719","45136","1"
"87","type","code element","type of element","45420","45636","1"
"88","type","code element","type of element","45653","45920","1"
"89","type","code element","type of element","45937","46387","1"
"90","type","code element","type of element","46587","47104","1"
"91","type","code element","type of element","47121","47437","1"
"92","type","code element","type of element","47487","47787","1"
"93","type","code element","type of element","47821","48071","1"
"94","type","code element","type of element","48088","48288","1"
"95","type","code element","type of element","48321","48755","1"
"96","type","code element","type of element","49088","49705","1"
"97","type","code element","type of element","49722","49972","1"
"98","type","code element","type of element","50005","50222","1"
"99","type","code element","type of element","50739","50889","1"
"100","type","code element","type of element","50922","51206","1"
"101","type","code element","type of element","51222","51422","1"
"102","type","code element","type of element","51489","51639","1"
"103","type","code element","type of element","51889","52156","1"
"104","type","code element","type of element","52189","52590","1"
"105","type","code element","type of element","52956","53340","1"
"106","type","code element","type of element","53607","53773","1"
"107","type","code element","type of element","53807","54157","1"
"108","type","code element","type of element","54190","54674","1"
"109","type","code element","type of element","54707","54991","1"
"110","type","code element","type of element","55007","55324","1"
"111","type","code element","type of element","55708","55924","1"
"112","type","code element","type of element","55958","56108","1"
"113","type","code element","type of element","56391","56591","1"
"114","type","code element","type of element","56608","56775","1"
"115","type","code element","type of element","56825","57058","1"
"116","type","code element","type of element","57158","57392","1"
"117","type","code element","type of element","57425","57658","1"
"118","type","code element","type of element","57725","57892","1"
"119","type","code element","type of element","57942","58159","1"
"120","type","code element","type of element","58175","58475","1"
"121","type","code element","type of element","58509","58659","1"
"122","type","code element","type of element","58809","59242","1"
"123","type","code element","type of element","59259","59426","1"
"124","type","code element","type of element","59459","59676","1"
"125","type","code element","type of element","59859","60193","1"
"126","type","code element","type of element","60210","60976","1"
"127","type","code element","type of element","61193","61460","1"
"128","type","code element","type of element","61477","61727","1"
"129","type","code element","type of element","61760","62077","1"
"130","type","code element","type of element","62094","62244","1"
"131","type","code element","type of element","62411","62611","1"
"132","type","code element","type of element","62627","62894","1"
"133","type","code element","type of element","62911","63061","1"
"134","type","code element","type of element","63111","63428","1"
"135","type","code element","type of element","63461","63794","1"
"136","type","code element","type of element","64095","64311","1"
"137","type","code element","type of element","64345","64778","1"
"138","type","code element","type of element","64795","64978","1"
"139","type","code element","type of element","65045","65262","1"
"140","type","code element","type of element","65278","65545","1"
"141","type","code element","type of element","65562","65779","1"
"142","type","code element","type of element","65829","66129","1"
"143","type","code element","type of element","66529","66746","1"
"144","type","code element","type of element","66779","67012","1"
"145","type","code element","type of element","67029","67546","1"
"146","type","code element","type of element","67629","72882","1"
"147","type","code element","type of element","72898","73249","1"
"148","type","code element","type of element","73265","73499","1"
"149","type","code element","type of element","73532","73782","1"
"150","type","code element","type of element","73832","73999","1"
"151","type","code element","type of element","74199","74349","1"
"152","type","code element","type of element","74399","74699","1"
"153","type","code element","type of element","74899","75116","1"
"154","type","code element","type of element","75183","75566","1"
"155","type","code element","type of element","75616","76033","1"
"156","type","code element","type of element","76050","76216","1"
"157","type","code element","type of element","76283","76550","1"
"158","type","code element","type of element","76934","77617","1"
"159","type","code element","type of element","77667","77834","1"
"160","type","code element","type of element","78017","78201","1"
"161","type","code element","type of element","78251","78551","1"
"162","type","code element","type of element","78601","78751","1"
"163","type","code element","type of element","78918","79151","1"
"164","type","code element","type of element","79168","79401","1"
"165","type","code element","type of element","79418","80035","1"
"166","type","code element","type of element","80068","80268","1"
"167","type","code element","type of element","80385","80668","1"
"168","type","code element","type of element","80735","80935","1"
"169","type","code element","type of element","81102","81419","1"
"170","type","code element","type of element","81452","81936","1"
"171","type","code element","type of element","81952","82369","1"
"172","type","code element","type of element","82653","82836","1"
"173","type","code element","type of element","82886","83103","1"
"174","type","code element","type of element","83119","83570","1"
"175","type","code element","type of element","83603","83836","1"
"176","type","code element","type of element","83987","84270","1"
"177","type","code element","type of element","84287","84653","1"
"178","type","code element","type of element","84920","85154","1"
"179","type","code element","type of element","85204","85387","1"
"180","type","code element","type of element","85454","86137","1"
"181","type","code element","type of element","86187","86354","1"
"182","type","code element","type of element","86421","86671","1"
"183","type","code element","type of element","86721","87004","1"
"184","type","code element","type of element","87288","87538","1"
"185","type","code element","type of element","87571","87955","1"
"186","type","code element","type of element","88005","88188","1"
"187","type","code element","type of element","88355","88522","1"
"188","type","code element","type of element","88539","88855","1"
"189","type","code element","type of element","88889","89089","1"
"190","type","code element","type of element","89139","89305","1"
"191","type","code element","type of element","89322","89472","1"
"192","type","code element","type of element","89506","89906","1"
"193","type","code element","type of element","90056","90273","1"
"194","type","code element","type of element","90439","90639","1"
"195","type","code element","type of element","90789","91790","1"
"196","type","code element","type of element","91807","92190","1"
"197","type","code element","type of element","92224","92457","1"
"198","type","code element","type of element","92490","92657","1"
