,kind,name,x,y,width,height,local_id
0,line,line 1,382,342,281,53,
1,sub-line,line 1 part 1,382,342,65,53,
2,sub-line,line 1 part 2,452,342,57,53,
3,sub-line,line 1 part 3,515,342,134,53,
4,sub-line,line 1 part 4,654,342,10,53,
5,line,line 2,436,398,436,53,
6,sub-line,line 2 part 1,436,398,65,53,
7,sub-line,line 2 part 2,506,398,59,53,
8,sub-line,line 2 part 3,570,398,45,53,
9,sub-line,line 2 part 4,622,398,53,53,
10,sub-line,line 2 part 5,682,398,9,53,
11,sub-line,line 2 part 6,697,398,64,53,
12,sub-line,line 2 part 7,768,398,8,53,
13,sub-line,line 2 part 8,780,398,8,53,
14,sub-line,line 2 part 9,794,398,49,53,
15,sub-line,line 2 part 10,849,398,9,53,
16,sub-line,line 2 part 11,863,398,10,53,
17,line,line 3,490,454,336,53,
18,sub-line,line 3 part 1,490,454,178,53,
19,sub-line,line 3 part 2,674,454,8,53,
20,sub-line,line 3 part 3,688,454,111,53,
21,sub-line,line 3 part 4,806,454,8,53,
22,sub-line,line 3 part 5,821,454,6,53,
23,line,line 4,490,511,313,53,
24,sub-line,line 4 part 1,490,511,196,53,
25,sub-line,line 4 part 2,693,511,8,53,
26,sub-line,line 4 part 3,706,511,29,53,
27,sub-line,line 4 part 4,741,511,15,53,
28,sub-line,line 4 part 5,762,511,15,53,
29,sub-line,line 4 part 6,783,511,9,53,
30,sub-line,line 4 part 7,799,511,5,53,
31,line,line 5,435,568,9,52,
32,sub-line,line 5 part 1,435,568,10,52,
33,line,line 6,381,625,9,52,
34,sub-line,line 6 part 1,381,625,10,52,
