,kind,name,x,y,width,height,local_id
0,line,line 1,543,252,243,34,
1,sub-line,line 1 part 1,543,252,57,34,
2,sub-line,line 1 part 2,604,252,51,34,
3,sub-line,line 1 part 3,660,252,112,34,
4,sub-line,line 1 part 4,777,252,10,34,
5,line,line 2,597,326,498,34,
6,sub-line,line 2 part 1,597,326,57,34,
7,sub-line,line 2 part 2,658,326,52,34,
8,sub-line,line 2 part 3,714,326,40,34,
9,sub-line,line 2 part 4,760,326,113,34,
10,sub-line,line 2 part 5,878,326,8,34,
11,sub-line,line 2 part 6,891,326,25,34,
12,sub-line,line 2 part 7,920,326,149,34,
13,sub-line,line 2 part 8,1074,326,8,34,
14,sub-line,line 2 part 9,1087,326,9,34,
15,line,line 3,650,363,491,34,
16,sub-line,line 3 part 1,650,363,28,34,
17,sub-line,line 3 part 2,682,363,8,34,
18,sub-line,line 3 part 3,695,363,24,34,
19,sub-line,line 3 part 4,724,363,35,34,
20,sub-line,line 3 part 5,764,363,13,34,
21,sub-line,line 3 part 6,784,363,8,34,
22,sub-line,line 3 part 7,801,363,5,34,
23,sub-line,line 3 part 8,812,363,36,34,
24,sub-line,line 3 part 9,853,363,25,34,
25,sub-line,line 3 part 10,883,363,150,34,
26,sub-line,line 3 part 11,1038,363,6,34,
27,sub-line,line 3 part 12,1049,363,36,34,
28,sub-line,line 3 part 13,1090,363,25,34,
29,sub-line,line 3 part 14,1121,363,8,34,
30,sub-line,line 3 part 15,1133,363,9,34,
31,line,line 4,704,400,356,34,
32,sub-line,line 4 part 1,704,400,28,34,
33,sub-line,line 4 part 2,736,400,8,34,
34,sub-line,line 4 part 3,749,400,24,34,
35,sub-line,line 4 part 4,777,400,29,34,
36,sub-line,line 4 part 5,811,400,13,34,
37,sub-line,line 4 part 6,831,400,8,34,
38,sub-line,line 4 part 7,848,400,5,34,
39,sub-line,line 4 part 8,859,400,28,34,
40,sub-line,line 4 part 9,893,400,25,34,
41,sub-line,line 4 part 10,923,400,36,34,
42,sub-line,line 4 part 11,964,400,5,34,
43,sub-line,line 4 part 12,975,400,28,34,
44,sub-line,line 4 part 13,1009,400,25,34,
45,sub-line,line 4 part 14,1040,400,8,34,
46,sub-line,line 4 part 15,1052,400,9,34,
47,line,line 5,759,437,214,34,
48,sub-line,line 5 part 1,759,437,157,34,
49,sub-line,line 5 part 2,920,437,8,34,
50,sub-line,line 5 part 3,932,437,18,34,
51,sub-line,line 5 part 4,955,437,8,34,
52,sub-line,line 5 part 5,969,437,5,34,
53,line,line 6,705,474,8,34,
54,sub-line,line 6 part 1,705,474,9,34,
55,line,line 7,705,511,208,34,
56,sub-line,line 7 part 1,705,511,172,34,
57,sub-line,line 7 part 2,882,511,8,34,
58,sub-line,line 7 part 3,896,511,8,34,
59,sub-line,line 7 part 4,909,511,5,34,
60,line,line 8,650,548,8,34,
61,sub-line,line 8 part 1,650,548,9,34,
62,line,line 9,596,584,8,34,
63,sub-line,line 9 part 1,596,584,9,34,
64,line,line 10,597,658,381,34,
65,sub-line,line 10 part 1,597,658,57,34,
66,sub-line,line 10 part 2,658,658,52,34,
67,sub-line,line 10 part 3,714,658,40,34,
68,sub-line,line 10 part 4,760,658,46,34,
69,sub-line,line 10 part 5,812,658,8,34,
70,sub-line,line 10 part 6,825,658,56,34,
71,sub-line,line 10 part 7,887,658,7,34,
72,sub-line,line 10 part 8,897,658,8,34,
73,sub-line,line 10 part 9,910,658,43,34,
74,sub-line,line 10 part 10,958,658,8,34,
75,sub-line,line 10 part 11,970,658,9,34,
76,line,line 11,651,695,286,34,
77,sub-line,line 11 part 1,651,695,232,34,
78,sub-line,line 11 part 2,888,695,8,34,
79,sub-line,line 11 part 3,902,695,12,34,
80,sub-line,line 11 part 4,920,695,8,34,
81,sub-line,line 11 part 5,933,695,5,34,
82,line,line 12,596,732,8,34,
83,sub-line,line 12 part 1,596,732,9,34,
84,line,line 13,542,769,8,34,
85,sub-line,line 13 part 1,542,769,9,34,
