,kind,name,x,y,width,height,local_id
0,line,line 1,274,260,254,54,
1,sub-line,line 1 part 1,274,260,65,54,
2,sub-line,line 1 part 2,344,260,57,54,
3,sub-line,line 1 part 3,406,260,107,54,
4,sub-line,line 1 part 4,518,260,11,54,
5,line,line 2,328,316,436,54,
6,sub-line,line 2 part 1,328,316,65,54,
7,sub-line,line 2 part 2,398,316,59,54,
8,sub-line,line 2 part 3,462,316,45,54,
9,sub-line,line 2 part 4,514,316,53,54,
10,sub-line,line 2 part 5,574,316,9,54,
11,sub-line,line 2 part 6,589,316,64,54,
12,sub-line,line 2 part 7,660,316,8,54,
13,sub-line,line 2 part 8,672,316,8,54,
14,sub-line,line 2 part 9,686,316,49,54,
15,sub-line,line 2 part 10,741,316,9,54,
16,sub-line,line 2 part 11,755,316,10,54,
17,line,line 3,382,372,300,54,
18,sub-line,line 3 part 1,382,372,64,54,
19,sub-line,line 3 part 2,452,372,42,54,
20,sub-line,line 3 part 3,499,372,14,54,
21,sub-line,line 3 part 4,520,372,65,54,
22,sub-line,line 3 part 5,590,372,80,54,
23,sub-line,line 3 part 6,677,372,6,54,
24,line,line 4,382,429,387,54,
25,sub-line,line 4 part 1,382,429,27,54,
26,sub-line,line 4 part 2,415,429,108,54,
27,sub-line,line 4 part 3,529,429,14,54,
28,sub-line,line 4 part 4,549,429,134,54,
29,sub-line,line 4 part 5,687,429,9,54,
30,sub-line,line 4 part 6,702,429,41,54,
31,sub-line,line 4 part 7,749,429,9,54,
32,sub-line,line 4 part 8,765,429,5,54,
33,line,line 5,382,485,330,54,
34,sub-line,line 5 part 1,382,485,27,54,
35,sub-line,line 5 part 2,414,485,115,54,
36,sub-line,line 5 part 3,536,485,14,54,
37,sub-line,line 5 part 4,556,485,113,54,
38,sub-line,line 5 part 5,676,485,9,54,
39,sub-line,line 5 part 6,692,485,8,54,
40,sub-line,line 5 part 7,707,485,6,54,
41,line,line 6,382,542,623,54,
42,sub-line,line 6 part 1,382,542,64,54,
43,sub-line,line 6 part 2,451,542,55,54,
44,sub-line,line 6 part 3,512,542,15,54,
45,sub-line,line 6 part 4,532,542,147,54,
46,sub-line,line 6 part 5,686,542,8,54,
47,sub-line,line 6 part 6,701,542,108,54,
48,sub-line,line 6 part 7,815,542,6,54,
49,sub-line,line 6 part 8,827,542,115,54,
50,sub-line,line 6 part 9,948,542,10,54,
51,sub-line,line 6 part 10,965,542,10,54,
52,sub-line,line 6 part 11,985,542,8,54,
53,sub-line,line 6 part 12,1000,542,6,54,
54,line,line 7,382,598,522,54,
55,sub-line,line 7 part 1,382,598,178,54,
56,sub-line,line 7 part 2,566,598,8,54,
57,sub-line,line 7 part 3,579,598,128,54,
58,sub-line,line 7 part 4,714,598,8,54,
59,sub-line,line 7 part 5,727,598,54,54,
60,sub-line,line 7 part 6,789,598,6,54,
61,sub-line,line 7 part 7,801,598,62,54,
62,sub-line,line 7 part 8,870,598,8,54,
63,sub-line,line 7 part 9,885,598,8,54,
64,sub-line,line 7 part 10,900,598,5,54,
65,line,line 8,327,655,9,53,
66,sub-line,line 8 part 1,327,655,10,53,
67,line,line 9,273,712,9,53,
68,sub-line,line 9 part 1,273,712,10,53,
