,trial_id,start_ms,duration_ms,fix_x,fix_y,exp_id,end_ms,program,offset_kind,aoi_line,aoi_sub-line
0,2,0,100,577,563,1,100,lesson1,none,line 4,line 4 part 1
1,2,125,242,407,394,1,367,lesson1,none,line 1,line 1 part 1
2,2,375,234,429,366,1,609,lesson1,none,line 1,line 1 part 1
3,2,617,142,406,355,1,759,lesson1,none,line 1,line 1 part 1
4,2,767,384,463,367,1,1151,lesson1,none,line 1,line 1 part 2
5,2,1159,359,532,387,1,1518,lesson1,none,line 1,line 1 part 3
6,2,1526,468,590,367,1,1994,lesson1,none,line 1,line 1 part 3
7,2,2002,242,630,374,1,2244,lesson1,none,line 1,line 1 part 3
8,2,2261,275,454,419,1,2536,lesson1,none,line 2,line 2 part 1
9,2,2544,259,510,436,1,2803,lesson1,none,line 2,line 2 part 2
10,2,2820,158,574,437,1,2978,lesson1,none,line 2,line 2 part 3
11,2,2987,308,534,428,1,3295,lesson1,none,line 2,line 2 part 2
12,2,3304,242,571,438,1,3546,lesson1,none,line 2,line 2 part 3
13,2,3554,325,621,425,1,3879,lesson1,none,line 2,
14,2,3888,200,703,427,1,4088,lesson1,none,line 2,line 2 part 6
15,2,4105,266,641,430,1,4371,lesson1,none,line 2,line 2 part 4
16,2,4380,367,719,420,1,4747,lesson1,none,line 2,line 2 part 6
17,2,4755,426,788,433,1,5181,lesson1,none,line 2,line 2 part 8
18,2,5189,125,818,432,1,5314,lesson1,none,line 2,line 2 part 9
19,2,5323,217,829,412,1,5540,lesson1,none,line 2,line 2 part 9
20,2,5573,384,530,474,1,5957,lesson1,none,line 3,line 3 part 1
21,2,5965,225,573,485,1,6190,lesson1,none,line 3,line 3 part 1
22,2,6199,242,628,472,1,6441,lesson1,none,line 3,line 3 part 1
23,2,6457,434,714,486,1,6891,lesson1,none,line 3,line 3 part 3
24,2,6900,1193,771,477,1,8093,lesson1,none,line 3,line 3 part 3
25,2,8101,251,729,528,1,8352,lesson1,none,line 4,line 4 part 3
26,2,8377,258,526,543,1,8635,lesson1,none,line 4,line 4 part 1
27,2,8644,233,586,537,1,8877,lesson1,none,line 4,line 4 part 1
28,2,8886,442,637,539,1,9328,lesson1,none,line 4,line 4 part 1
29,2,9336,934,672,545,1,10270,lesson1,none,line 4,line 4 part 1
30,2,10279,342,699,498,1,10621,lesson1,none,line 3,line 3 part 3
31,2,10629,292,725,532,1,10921,lesson1,none,line 4,line 4 part 3
32,2,10930,292,753,531,1,11222,lesson1,none,line 4,line 4 part 4
33,2,11230,359,788,541,1,11589,lesson1,none,line 4,line 4 part 6
34,2,11597,234,801,490,1,11831,lesson1,none,line 3,
35,2,11856,342,547,510,1,12198,lesson1,none,,
36,2,12206,201,615,503,1,12407,lesson1,none,line 3,line 3 part 1
37,2,12415,33,624,480,1,12448,lesson1,none,line 3,line 3 part 1
38,2,12482,233,456,419,1,12715,lesson1,none,line 2,line 2 part 1
39,2,12724,250,411,370,1,12974,lesson1,none,line 1,line 1 part 1
40,2,12982,292,460,372,1,13274,lesson1,none,line 1,line 1 part 2
41,2,13283,267,526,380,1,13550,lesson1,none,line 1,line 1 part 3
42,2,13566,209,604,364,1,13775,lesson1,none,line 1,line 1 part 3
43,2,13783,292,552,368,1,14075,lesson1,none,line 1,line 1 part 3
44,2,14084,200,580,366,1,14284,lesson1,none,line 1,line 1 part 3
45,2,14292,250,618,367,1,14542,lesson1,none,line 1,line 1 part 3
46,2,14559,551,472,421,1,15110,lesson1,none,line 2,line 2 part 1
47,2,15118,376,528,414,1,15494,lesson1,none,line 2,line 2 part 2
48,2,15502,234,561,417,1,15736,lesson1,none,line 2,line 2 part 2
49,2,15744,250,611,416,1,15994,lesson1,none,line 2,line 2 part 3
50,2,16003,91,715,431,1,16094,lesson1,none,line 2,line 2 part 6
51,2,16111,175,723,450,1,16286,lesson1,none,line 2,line 2 part 6
52,2,16295,300,778,439,1,16595,lesson1,none,line 2,
53,2,16603,251,737,432,1,16854,lesson1,none,line 2,line 2 part 6
54,2,16862,684,801,437,1,17546,lesson1,none,line 2,line 2 part 9
55,2,17555,200,815,416,1,17755,lesson1,none,line 2,line 2 part 9
56,2,17780,284,642,447,1,18064,lesson1,none,line 2,line 2 part 4
57,2,18072,259,735,428,1,18331,lesson1,none,line 2,line 2 part 6
58,2,18339,525,796,416,1,18864,lesson1,none,line 2,line 2 part 9
59,2,18898,217,499,459,1,19115,lesson1,none,line 3,line 3 part 1
60,2,19123,217,555,468,1,19340,lesson1,none,line 3,line 3 part 1
61,2,19348,159,609,477,1,19507,lesson1,none,line 3,line 3 part 1
62,2,19515,84,626,463,1,19599,lesson1,none,line 3,line 3 part 1
63,2,19607,167,596,458,1,19774,lesson1,none,line 3,line 3 part 1
64,2,19782,301,640,464,1,20083,lesson1,none,line 3,line 3 part 1
65,2,20133,175,588,520,1,20308,lesson1,none,line 4,line 4 part 1
66,2,20316,417,644,540,1,20733,lesson1,none,line 4,line 4 part 1
67,2,20742,133,664,512,1,20875,lesson1,none,line 4,line 4 part 1
68,2,20884,484,643,495,1,21368,lesson1,none,line 3,line 3 part 1
69,2,21384,367,714,498,1,21751,lesson1,none,line 3,line 3 part 3
70,2,21760,634,763,482,1,22394,lesson1,none,line 3,line 3 part 3
71,2,22402,367,735,467,1,22769,lesson1,none,line 3,line 3 part 3
72,2,22778,116,748,485,1,22894,lesson1,none,line 3,line 3 part 3
73,2,22919,251,536,534,1,23170,lesson1,none,line 4,line 4 part 1
74,2,23187,300,626,543,1,23487,lesson1,none,line 4,line 4 part 1
75,2,23495,234,674,547,1,23729,lesson1,none,line 4,line 4 part 1
76,2,23737,209,731,501,1,23946,lesson1,none,line 3,line 3 part 3
77,2,23954,275,781,492,1,24229,lesson1,none,line 3,line 3 part 3
78,2,24238,417,751,552,1,24655,lesson1,none,line 4,line 4 part 4
79,2,24663,693,751,502,1,25356,lesson1,none,line 3,line 3 part 3
