,trial_id,start_ms,duration_ms,fix_x,fix_y,exp_id,end_ms,program,offset_kind,aoi_line,aoi_sub-line
0,2,0,200,538,500,3,200,program6,none,,
1,2,208,117,712,495,3,325,program6,none,line 6,line 6 part 1
2,2,333,134,703,523,3,467,program6,none,,
3,2,484,392,658,320,3,876,program6,none,,
4,2,884,159,633,339,3,1043,program6,none,line 2,line 2 part 1
5,2,1076,192,680,340,3,1268,program6,none,line 2,line 2 part 2
6,2,1276,184,751,326,3,1460,program6,none,line 2,line 2 part 3
7,2,1477,241,798,329,3,1718,program6,none,line 2,line 2 part 4
8,2,1727,33,807,351,3,1760,program6,none,line 2,line 2 part 4
9,2,1777,559,869,353,3,2336,program6,none,line 2,line 2 part 4
10,2,2344,326,921,342,3,2670,program6,none,line 2,line 2 part 7
11,2,2678,284,1009,354,3,2962,program6,none,line 2,line 2 part 7
12,2,2970,58,1040,356,3,3028,program6,none,line 2,line 2 part 7
13,2,3070,492,678,378,3,3562,program6,none,line 3,line 3 part 1
14,2,3571,442,722,378,3,4013,program6,none,line 3,
15,2,4021,276,792,375,3,4297,program6,none,line 3,line 3 part 6
16,2,4313,217,821,370,3,4530,program6,none,line 3,line 3 part 8
17,2,4539,508,873,368,3,5047,program6,none,line 3,line 3 part 9
18,2,5056,233,832,369,3,5289,program6,none,line 3,line 3 part 8
19,2,5298,208,879,364,3,5506,program6,none,line 3,
20,2,5606,109,769,353,3,5715,program6,none,line 2,line 2 part 4
21,2,5732,317,878,343,3,6049,program6,none,line 2,line 2 part 5
22,2,6057,284,928,367,3,6341,program6,none,line 3,line 3 part 10
23,2,6357,459,987,371,3,6816,program6,none,line 3,line 3 part 10
24,2,6825,100,1001,387,3,6925,program6,none,line 3,line 3 part 10
25,2,6950,183,849,539,3,7133,program6,none,line 7,line 7 part 1
26,2,7167,267,699,670,3,7434,program6,none,line 10,line 10 part 2
27,2,7450,459,864,696,3,7909,program6,none,line 11,line 11 part 1
28,2,7918,175,818,704,3,8093,program6,none,line 11,line 11 part 1
29,2,8101,301,722,698,3,8402,program6,none,line 11,line 11 part 1
30,2,8410,259,771,702,3,8669,program6,none,line 11,line 11 part 1
31,2,8685,334,832,715,3,9019,program6,none,line 11,line 11 part 1
32,2,9027,393,895,712,3,9420,program6,none,line 11,line 11 part 2
33,2,9428,125,796,714,3,9553,program6,none,line 11,line 11 part 1
34,2,9578,292,667,702,3,9870,program6,none,line 11,line 11 part 1
35,2,9887,225,733,706,3,10112,program6,none,line 11,line 11 part 1
36,2,10137,33,0,-35,3,10170,program6,none,,
37,2,10212,242,763,479,3,10454,program6,none,,
38,2,10471,75,842,448,3,10546,program6,none,line 5,line 5 part 1
39,2,10554,92,856,433,3,10646,program6,none,line 4,
40,2,10654,251,909,414,3,10905,program6,none,line 4,line 4 part 9
41,2,10913,300,938,376,3,11213,program6,none,line 3,line 3 part 10
42,2,11222,41,975,362,3,11263,program6,none,,
43,2,11280,375,996,388,3,11655,program6,none,line 3,line 3 part 10
44,2,11664,434,1053,392,3,12098,program6,none,line 3,line 3 part 12
45,2,12106,167,1087,392,3,12273,program6,none,line 3,
46,2,12298,50,0,-35,3,12348,program6,none,,
47,2,12398,476,1080,372,3,12874,program6,none,line 3,line 3 part 12
48,2,12882,33,1083,395,3,12915,program6,none,line 3,line 3 part 12
49,2,12932,192,832,408,3,13124,program6,none,line 4,line 4 part 6
50,2,13132,67,764,398,3,13199,program6,none,,
51,2,13207,226,744,428,3,13433,program6,none,line 4,line 4 part 2
52,2,13441,400,729,404,3,13841,program6,none,line 4,line 4 part 1
53,2,13850,150,714,386,3,14000,program6,none,line 3,line 3 part 3
54,2,14017,217,789,405,3,14234,program6,none,line 4,line 4 part 4
55,2,14242,350,771,421,3,14592,program6,none,line 4,line 4 part 3
56,2,14601,868,799,402,3,15469,program6,none,line 4,line 4 part 4
57,2,15477,442,828,400,3,15919,program6,none,line 4,
58,2,15927,267,803,373,3,16194,program6,none,line 3,line 3 part 7
59,2,16203,33,776,396,3,16236,program6,none,line 3,line 3 part 5
60,2,16245,100,749,412,3,16345,program6,none,line 4,line 4 part 3
61,2,16361,142,794,401,3,16503,program6,none,line 4,line 4 part 4
62,2,16512,66,761,380,3,16578,program6,none,line 3,
63,2,16587,100,737,371,3,16687,program6,none,line 3,line 3 part 4
64,2,16695,476,746,405,3,17171,program6,none,line 4,
65,2,17179,267,805,399,3,17446,program6,none,,
66,2,17454,326,854,415,3,17780,program6,none,line 4,
67,2,17796,184,919,423,3,17980,program6,none,line 4,
68,2,18013,42,0,-35,3,18055,program6,none,,
69,2,18105,192,895,412,3,18297,program6,none,line 4,line 4 part 9
70,2,18305,292,870,425,3,18597,program6,none,line 4,line 4 part 8
71,2,18606,41,891,420,3,18647,program6,none,line 4,
72,2,18672,59,0,-35,3,18731,program6,none,,
73,2,18789,267,875,377,3,19056,program6,none,line 3,line 3 part 9
74,2,19065,300,913,390,3,19365,program6,none,line 3,line 3 part 10
75,2,19382,200,849,389,3,19582,program6,none,line 3,
76,2,19590,417,936,407,3,20007,program6,none,line 4,line 4 part 10
77,2,20041,33,0,-35,3,20074,program6,none,,
78,2,20124,184,894,402,3,20308,program6,none,line 4,line 4 part 9
79,2,20325,125,934,405,3,20450,program6,none,line 4,line 4 part 10
80,2,20458,150,933,429,3,20608,program6,none,line 4,line 4 part 10
81,2,20617,750,993,410,3,21367,program6,none,line 4,line 4 part 12
82,2,21376,50,1020,404,3,21426,program6,none,line 4,line 4 part 13
83,2,21434,300,1062,400,3,21734,program6,none,,
84,2,21759,318,793,440,3,22077,program6,none,line 5,line 5 part 1
85,2,22085,200,852,454,3,22285,program6,none,line 5,line 5 part 1
86,2,22294,50,883,461,3,22344,program6,none,line 5,line 5 part 1
87,2,22352,158,911,461,3,22510,program6,none,line 5,line 5 part 1
88,2,22527,1001,941,453,3,23528,program6,none,line 5,line 5 part 3
89,2,23545,184,884,488,3,23729,program6,none,,
90,2,23745,384,943,455,3,24129,program6,none,line 5,line 5 part 3
91,2,24137,42,974,447,3,24179,program6,none,,line 5 part 5
92,2,24188,166,988,412,3,24354,program6,none,line 4,line 4 part 12
93,2,24388,142,755,484,3,24530,program6,none,,
94,2,24538,192,740,501,3,24730,program6,none,,
95,2,24738,234,801,526,3,24972,program6,none,line 7,line 7 part 1
96,2,24988,368,846,540,3,25356,program6,none,line 7,line 7 part 1
97,2,25364,150,867,507,3,25514,program6,none,,
98,2,25531,200,805,409,3,25731,program6,none,line 4,line 4 part 4
99,2,25739,167,811,372,3,25906,program6,none,line 3,
100,2,25931,167,690,643,3,26098,program6,none,,
101,2,26107,592,628,662,3,26699,program6,none,line 10,line 10 part 1
102,2,26707,226,672,680,3,26933,program6,none,line 10,line 10 part 2
103,2,26941,233,714,677,3,27174,program6,none,line 10,line 10 part 3
104,2,27183,108,759,672,3,27291,program6,none,line 10,
105,2,27300,116,782,682,3,27416,program6,none,line 10,line 10 part 4
106,2,27425,142,869,683,3,27567,program6,none,line 10,line 10 part 6
107,2,27592,50,0,-35,3,27642,program6,none,,
108,2,27692,158,885,672,3,27850,program6,none,line 10,
109,2,27859,183,929,694,3,28042,program6,none,,
110,2,28059,67,0,-35,3,28126,program6,none,,
111,2,28192,92,867,686,3,28284,program6,none,line 10,line 10 part 6
112,2,28301,275,699,705,3,28576,program6,none,line 11,line 11 part 1
113,2,28584,293,674,700,3,28877,program6,none,line 11,line 11 part 1
114,2,28885,275,721,696,3,29160,program6,none,line 11,line 11 part 1
115,2,29177,117,768,696,3,29294,program6,none,line 11,line 11 part 1
116,2,29302,200,782,720,3,29502,program6,none,line 11,line 11 part 1
117,2,29511,258,818,719,3,29769,program6,none,line 11,line 11 part 1
118,2,29778,467,852,711,3,30245,program6,none,line 11,line 11 part 1
119,2,30262,342,904,706,3,30604,program6,none,line 11,line 11 part 3
120,2,30612,259,828,702,3,30871,program6,none,line 11,line 11 part 1
121,2,30879,317,782,704,3,31196,program6,none,line 11,line 11 part 1
122,2,31204,251,708,699,3,31455,program6,none,line 11,line 11 part 1
123,2,31471,201,827,703,3,31672,program6,none,line 11,line 11 part 1
124,2,31688,334,694,701,3,32022,program6,none,line 11,line 11 part 1
125,2,32030,226,668,702,3,32256,program6,none,line 11,line 11 part 1
126,2,32314,376,717,406,3,32690,program6,none,line 4,line 4 part 1
127,2,32698,167,769,422,3,32865,program6,none,line 4,line 4 part 3
128,2,32873,92,764,458,3,32965,program6,none,line 5,line 5 part 1
129,2,32973,142,786,360,3,33115,program6,none,line 2,line 2 part 4
130,2,33123,443,798,330,3,33566,program6,none,line 2,line 2 part 4
131,2,33574,317,700,290,3,33891,program6,none,,
132,2,33899,192,598,277,3,34091,program6,none,line 1,line 1 part 1
133,2,34100,33,583,260,3,34133,program6,none,line 1,line 1 part 1
134,2,34150,383,694,268,3,34533,program6,none,line 1,line 1 part 3
135,2,34659,233,644,340,3,34892,program6,none,line 2,line 2 part 1
136,2,34909,242,678,349,3,35151,program6,none,line 2,line 2 part 2
137,2,35159,234,623,335,3,35393,program6,none,line 2,line 2 part 1
138,2,35401,59,649,340,3,35460,program6,none,line 2,line 2 part 1
139,2,35485,266,732,359,3,35751,program6,none,line 2,line 2 part 3
140,2,35777,100,777,364,3,35877,program6,none,line 3,line 3 part 5
141,2,35885,184,782,328,3,36069,program6,none,line 2,line 2 part 4
142,2,36085,109,893,324,3,36194,program6,none,,
143,2,36202,100,889,350,3,36302,program6,none,line 2,
144,2,36319,300,962,342,3,36619,program6,none,line 2,line 2 part 7
145,2,36628,350,901,371,3,36978,program6,none,line 3,line 3 part 10
146,2,36987,58,882,399,3,37045,program6,none,,
147,2,37053,417,861,417,3,37470,program6,none,line 4,line 4 part 8
148,2,37487,159,790,417,3,37646,program6,none,line 4,line 4 part 4
149,2,37762,326,759,370,3,38088,program6,none,line 3,line 3 part 4
150,2,38096,167,784,405,3,38263,program6,none,line 4,line 4 part 4
151,2,38371,92,726,359,3,38463,program6,none,line 2,line 2 part 3
152,2,38588,226,754,346,3,38814,program6,none,line 2,line 2 part 3
153,2,38830,67,767,384,3,38897,program6,none,line 3,line 3 part 5
154,2,38905,368,786,397,3,39273,program6,none,line 3,line 3 part 6
155,2,39281,225,832,351,3,39506,program6,none,line 2,line 2 part 4
156,2,39523,450,939,331,3,39973,program6,none,line 2,line 2 part 7
157,2,39990,376,728,332,3,40366,program6,none,line 2,line 2 part 3
158,2,40382,292,673,286,3,40674,program6,none,line 1,line 1 part 3
159,2,40683,300,678,336,3,40983,program6,none,line 2,line 2 part 2
160,2,41000,225,728,392,3,41225,program6,none,line 3,line 3 part 4
161,2,41242,292,819,455,3,41534,program6,none,line 5,line 5 part 1
162,2,41584,325,777,557,3,41909,program6,none,,
163,2,41917,159,811,535,3,42076,program6,none,line 7,line 7 part 1
164,2,42093,150,817,444,3,42243,program6,none,line 5,line 5 part 1
165,2,42276,693,727,388,3,42969,program6,none,line 3,line 3 part 4
166,2,42977,175,782,388,3,43152,program6,none,line 3,
167,2,43269,242,806,442,3,43511,program6,none,line 5,line 5 part 1
168,2,43528,317,917,443,3,43845,program6,none,line 5,
169,2,43853,225,944,447,3,44078,program6,none,line 5,line 5 part 3
170,2,44095,384,780,453,3,44479,program6,none,line 5,line 5 part 1
171,2,44504,133,885,658,3,44637,program6,none,line 10,
172,2,44646,275,898,685,3,44921,program6,none,line 10,line 10 part 8
173,2,44929,51,922,690,3,44980,program6,none,line 10,line 10 part 9
174,2,45005,41,776,366,3,45046,program6,none,line 3,line 3 part 5
175,2,45055,125,756,340,3,45180,program6,none,line 2,
176,2,45196,259,685,338,3,45455,program6,none,line 2,line 2 part 2
177,2,45463,309,667,368,3,45772,program6,none,line 3,line 3 part 1
178,2,45781,225,723,379,3,46006,program6,none,line 3,
179,2,46014,643,741,406,3,46657,program6,none,line 4,line 4 part 2
