,trial_id,start_ms,duration_ms,fix_x,fix_y,exp_id,end_ms,program,offset_kind,aoi_line,aoi_sub-line
0,2,50,250,381,278,2,300,lesson4,none,line 1,line 1 part 2
1,2,309,392,329,300,2,701,lesson4,none,line 1,line 1 part 1
2,2,709,184,364,301,2,893,lesson4,none,line 1,line 1 part 2
3,2,901,275,436,295,2,1176,lesson4,none,line 1,line 1 part 3
4,2,1185,175,481,296,2,1360,lesson4,none,line 1,line 1 part 3
5,2,1385,342,323,304,2,1727,lesson4,none,line 1,line 1 part 1
6,2,1735,192,375,302,2,1927,lesson4,none,line 1,line 1 part 2
7,2,1986,417,442,289,2,2403,lesson4,none,line 1,line 1 part 3
8,2,2411,217,351,331,2,2628,lesson4,none,line 2,line 2 part 1
9,2,2637,308,409,346,2,2945,lesson4,none,line 2,line 2 part 2
10,2,2954,200,456,346,2,3154,lesson4,none,line 2,line 2 part 2
11,2,3162,192,430,351,2,3354,lesson4,none,line 2,line 2 part 2
12,2,3363,225,487,357,2,3588,lesson4,none,line 2,line 2 part 3
13,2,3596,159,536,358,2,3755,lesson4,none,line 2,line 2 part 4
14,2,3771,451,604,353,2,4222,lesson4,none,line 2,line 2 part 6
15,2,4230,309,522,365,2,4539,lesson4,none,line 2,line 2 part 4
16,2,4547,75,552,346,2,4622,lesson4,none,line 2,line 2 part 4
17,2,4639,133,686,343,2,4772,lesson4,none,line 2,line 2 part 9
18,2,4798,275,414,390,2,5073,lesson4,none,line 3,line 3 part 1
19,2,5081,276,464,401,2,5357,lesson4,none,line 3,line 3 part 2
20,2,5365,200,538,399,2,5565,lesson4,none,line 3,line 3 part 4
21,2,5574,250,608,401,2,5824,lesson4,none,line 3,line 3 part 5
22,2,5857,576,405,438,2,6433,lesson4,none,line 4,line 4 part 1
23,2,6441,226,433,453,2,6667,lesson4,none,line 4,line 4 part 2
24,2,6675,642,466,462,2,7317,lesson4,none,line 4,line 4 part 2
25,2,7326,142,430,450,2,7468,lesson4,none,line 4,line 4 part 2
26,2,7476,392,430,412,2,7868,lesson4,none,line 3,line 3 part 1
27,2,7876,284,472,403,2,8160,lesson4,none,line 3,line 3 part 2
28,2,8168,42,510,425,2,8210,lesson4,none,line 3,line 3 part 3
29,2,8218,142,545,447,2,8360,lesson4,none,line 4,
30,2,8369,233,581,448,2,8602,lesson4,none,line 4,line 4 part 4
31,2,8611,851,618,462,2,9462,lesson4,none,line 4,line 4 part 4
32,2,9470,242,656,457,2,9712,lesson4,none,line 4,line 4 part 4
33,2,9720,284,693,457,2,10004,lesson4,none,line 4,line 4 part 5
34,2,10029,134,478,493,2,10163,lesson4,none,line 5,line 5 part 2
35,2,10171,300,425,496,2,10471,lesson4,none,line 5,line 5 part 2
36,2,10480,926,411,504,2,11406,lesson4,none,line 5,
37,2,11414,217,441,511,2,11631,lesson4,none,line 5,line 5 part 2
38,2,11639,234,476,510,2,11873,lesson4,none,line 5,line 5 part 2
39,2,11890,275,569,507,2,12165,lesson4,none,line 5,line 5 part 4
40,2,12173,192,625,506,2,12365,lesson4,none,line 5,line 5 part 4
41,2,12373,318,675,510,2,12691,lesson4,none,line 5,
42,2,12707,292,617,512,2,12999,lesson4,none,line 5,line 5 part 4
43,2,13008,250,570,507,2,13258,lesson4,none,line 5,line 5 part 4
44,2,13266,242,435,537,2,13508,lesson4,none,line 5,line 5 part 2
45,2,13517,258,422,565,2,13775,lesson4,none,line 6,line 6 part 1
46,2,13784,517,471,561,2,14301,lesson4,none,line 6,line 6 part 2
47,2,14309,401,548,565,2,14710,lesson4,none,line 6,line 6 part 4
48,2,14718,184,597,568,2,14902,lesson4,none,line 6,line 6 part 4
49,2,14910,367,543,558,2,15277,lesson4,none,line 6,line 6 part 4
50,2,15285,367,433,561,2,15652,lesson4,none,line 6,line 6 part 1
51,2,15661,225,490,552,2,15886,lesson4,none,line 6,line 6 part 2
52,2,15894,234,552,555,2,16128,lesson4,none,line 6,line 6 part 4
53,2,16136,284,596,556,2,16420,lesson4,none,line 6,line 6 part 4
54,2,16428,176,635,560,2,16604,lesson4,none,line 6,line 6 part 4
55,2,16622,691,724,563,2,17313,lesson4,none,line 6,line 6 part 6
56,2,17321,484,747,558,2,17805,lesson4,none,line 6,line 6 part 6
57,2,17813,568,835,556,2,18381,lesson4,none,line 6,line 6 part 8
58,2,18389,209,912,549,2,18598,lesson4,none,line 6,line 6 part 8
59,2,18606,559,867,557,2,19165,lesson4,none,line 6,line 6 part 8
60,2,19173,192,839,560,2,19365,lesson4,none,line 6,line 6 part 8
61,2,19432,117,899,555,2,19549,lesson4,none,line 6,line 6 part 8
62,2,19674,150,933,550,2,19824,lesson4,none,line 6,line 6 part 8
63,2,19858,225,641,610,2,20083,lesson4,none,line 7,line 7 part 3
64,2,20116,367,411,612,2,20483,lesson4,none,line 7,line 7 part 1
65,2,20492,242,457,614,2,20734,lesson4,none,line 7,line 7 part 1
66,2,20742,242,508,604,2,20984,lesson4,none,line 7,line 7 part 1
67,2,20992,309,595,607,2,21301,lesson4,none,line 7,line 7 part 3
68,2,21309,317,634,611,2,21626,lesson4,none,line 7,line 7 part 3
69,2,21635,158,687,616,2,21793,lesson4,none,line 7,line 7 part 3
70,2,21802,667,741,610,2,22469,lesson4,none,line 7,line 7 part 5
71,2,22477,301,778,615,2,22778,lesson4,none,line 7,line 7 part 5
72,2,22786,351,739,620,2,23137,lesson4,none,line 7,line 7 part 5
73,2,23153,534,601,620,2,23687,lesson4,none,line 7,line 7 part 3
74,2,23696,517,646,623,2,24213,lesson4,none,line 7,line 7 part 3
75,2,24230,175,739,617,2,24405,lesson4,none,line 7,line 7 part 5
76,2,24430,50,284,234,2,24480,lesson4,none,,
77,2,24513,359,768,615,2,24872,lesson4,none,line 7,line 7 part 5
78,2,24880,92,807,619,2,24972,lesson4,none,line 7,line 7 part 7
79,2,24997,84,0,-15,2,25081,lesson4,none,,
80,2,25139,592,760,610,2,25731,lesson4,none,line 7,line 7 part 5
81,2,25740,384,815,600,2,26124,lesson4,none,line 7,line 7 part 7
82,2,26149,225,661,385,2,26374,lesson4,none,line 3,line 3 part 5
83,2,26382,234,618,404,2,26616,lesson4,none,line 3,line 3 part 5
84,2,26624,301,554,402,2,26925,lesson4,none,line 3,line 3 part 4
85,2,26941,376,421,391,2,27317,lesson4,none,line 3,line 3 part 1
86,2,27325,317,475,395,2,27642,lesson4,none,line 3,line 3 part 2
87,2,27650,134,538,403,2,27784,lesson4,none,line 3,line 3 part 4
88,2,27809,150,673,573,2,27959,lesson4,none,line 6,line 6 part 4
89,2,27976,208,757,610,2,28184,lesson4,none,line 7,line 7 part 5
90,2,28193,317,608,613,2,28510,lesson4,none,line 7,line 7 part 3
91,2,28526,267,456,616,2,28793,lesson4,none,line 7,line 7 part 1
92,2,28810,276,519,615,2,29086,lesson4,none,line 7,line 7 part 1
93,2,29094,33,498,613,2,29127,lesson4,none,line 7,line 7 part 1
94,2,29152,251,505,417,2,29403,lesson4,none,line 3,line 3 part 3
95,2,29411,434,592,404,2,29845,lesson4,none,line 3,line 3 part 5
96,2,29853,334,578,442,2,30187,lesson4,none,line 4,line 4 part 4
97,2,30212,567,413,452,2,30779,lesson4,none,line 4,
98,2,30796,175,385,377,2,30971,lesson4,none,line 3,line 3 part 1
99,2,31005,392,413,630,2,31397,lesson4,none,line 7,line 7 part 1
100,2,31405,292,434,591,2,31697,lesson4,none,line 6,line 6 part 1
101,2,31705,376,522,625,2,32081,lesson4,none,line 7,line 7 part 1
102,2,32089,325,499,630,2,32414,lesson4,none,line 7,line 7 part 1
103,2,32423,284,416,617,2,32707,lesson4,none,line 7,line 7 part 1
104,2,32715,209,449,578,2,32924,lesson4,none,line 6,
105,2,32932,350,488,572,2,33282,lesson4,none,line 6,line 6 part 2
106,2,33299,217,488,468,2,33516,lesson4,none,line 4,line 4 part 2
107,2,33524,267,512,408,2,33791,lesson4,none,line 3,line 3 part 3
108,2,33800,258,587,402,2,34058,lesson4,none,line 3,
109,2,34083,493,430,445,2,34576,lesson4,none,line 4,line 4 part 2
110,2,34584,209,408,455,2,34793,lesson4,none,line 4,line 4 part 1
111,2,34801,183,451,448,2,34984,lesson4,none,line 4,line 4 part 2
112,2,34993,258,557,451,2,35251,lesson4,none,line 4,line 4 part 4
113,2,35260,292,607,451,2,35552,lesson4,none,line 4,line 4 part 4
114,2,35560,225,671,449,2,35785,lesson4,none,line 4,line 4 part 4
115,2,35902,134,699,441,2,36036,lesson4,none,line 4,
116,2,36061,350,576,413,2,36411,lesson4,none,line 3,line 3 part 4
117,2,36420,191,554,408,2,36611,lesson4,none,line 3,line 3 part 4
118,2,36628,334,678,440,2,36962,lesson4,none,line 4,line 4 part 4
119,2,36987,208,567,413,2,37195,lesson4,none,line 3,line 3 part 4
120,2,37204,317,608,412,2,37521,lesson4,none,line 3,line 3 part 5
121,2,37529,3705,567,409,2,41234,lesson4,none,line 3,line 3 part 4
122,2,41250,476,698,448,2,41726,lesson4,none,line 4,
123,2,41743,175,607,499,2,41918,lesson4,none,line 5,line 5 part 4
124,2,41926,276,561,505,2,42202,lesson4,none,line 5,line 5 part 4
125,2,42210,150,607,509,2,42360,lesson4,none,line 5,line 5 part 4
126,2,42377,525,558,413,2,42902,lesson4,none,line 3,line 3 part 4
127,2,42911,1502,614,406,2,44413,lesson4,none,line 3,line 3 part 5
128,2,44421,984,641,395,2,45405,lesson4,none,line 3,line 3 part 5
129,2,45414,183,678,428,2,45597,lesson4,none,,
130,2,45614,192,629,490,2,45806,lesson4,none,line 5,line 5 part 4
131,2,45823,375,545,513,2,46198,lesson4,none,line 5,line 5 part 3
132,2,46206,234,554,545,2,46440,lesson4,none,line 6,line 6 part 4
133,2,46448,259,613,553,2,46707,lesson4,none,line 6,line 6 part 4
134,2,46715,226,552,554,2,46941,lesson4,none,line 6,line 6 part 4
135,2,46957,276,428,571,2,47233,lesson4,none,line 6,line 6 part 1
136,2,47241,184,453,567,2,47425,lesson4,none,line 6,line 6 part 2
137,2,47433,200,420,571,2,47633,lesson4,none,line 6,line 6 part 1
138,2,47650,158,480,560,2,47808,lesson4,none,line 6,line 6 part 2
139,2,47908,209,487,538,2,48117,lesson4,none,line 5,line 5 part 2
140,2,48125,251,447,518,2,48376,lesson4,none,line 5,line 5 part 2
141,2,48392,167,427,430,2,48559,lesson4,none,line 4,line 4 part 2
142,2,48568,292,429,399,2,48860,lesson4,none,line 3,line 3 part 1
143,2,48868,125,458,395,2,48993,lesson4,none,line 3,line 3 part 2
144,2,49001,242,419,393,2,49243,lesson4,none,line 3,line 3 part 1
145,2,49277,167,493,543,2,49444,lesson4,none,line 6,line 6 part 2
146,2,49452,384,556,553,2,49836,lesson4,none,line 6,line 6 part 4
147,2,49844,225,587,548,2,50069,lesson4,none,line 6,line 6 part 4
148,2,50103,192,467,420,2,50295,lesson4,none,line 3,line 3 part 2
149,2,50311,201,533,409,2,50512,lesson4,none,line 3,line 3 part 4
150,2,50520,234,483,410,2,50754,lesson4,none,line 3,line 3 part 2
151,2,50762,309,533,451,2,51071,lesson4,none,line 4,line 4 part 3
152,2,51079,184,570,460,2,51263,lesson4,none,line 4,line 4 part 4
153,2,51271,200,611,463,2,51471,lesson4,none,line 4,line 4 part 4
154,2,51488,843,617,562,2,52331,lesson4,none,line 6,line 6 part 4
155,2,52347,384,716,558,2,52731,lesson4,none,line 6,line 6 part 6
156,2,52739,551,751,548,2,53290,lesson4,none,line 6,line 6 part 6
157,2,53307,142,687,489,2,53449,lesson4,none,line 5,
158,2,53465,785,825,543,2,54250,lesson4,none,line 6,
159,2,54258,317,881,552,2,54575,lesson4,none,line 6,line 6 part 8
160,2,54600,234,650,426,2,54834,lesson4,none,line 3,line 3 part 5
161,2,54842,375,621,403,2,55217,lesson4,none,line 3,line 3 part 5
162,2,55226,233,703,436,2,55459,lesson4,none,line 4,line 4 part 6
163,2,55476,309,873,552,2,55785,lesson4,none,line 6,line 6 part 8
164,2,55793,292,831,558,2,56085,lesson4,none,line 6,line 6 part 8
165,2,56093,301,890,548,2,56394,lesson4,none,line 6,line 6 part 8
166,2,56410,226,941,553,2,56636,lesson4,none,line 6,line 6 part 8
167,2,56736,626,763,545,2,57362,lesson4,none,line 6,line 6 part 6
168,2,57370,309,707,561,2,57679,lesson4,none,line 6,line 6 part 6
169,2,57687,117,742,562,2,57804,lesson4,none,line 6,line 6 part 6
170,2,57837,59,0,-15,2,57896,lesson4,none,,
171,2,57946,300,729,556,2,58246,lesson4,none,line 6,line 6 part 6
172,2,58254,309,585,564,2,58563,lesson4,none,line 6,line 6 part 4
173,2,58572,267,580,602,2,58839,lesson4,none,line 7,line 7 part 3
174,2,58847,267,627,615,2,59114,lesson4,none,line 7,line 7 part 3
175,2,59122,150,665,623,2,59272,lesson4,none,line 7,line 7 part 3
176,2,59364,242,742,605,2,59606,lesson4,none,line 7,line 7 part 5
177,2,59639,117,0,-15,2,59756,lesson4,none,,
178,2,59831,443,762,603,2,60274,lesson4,none,line 7,line 7 part 5
179,2,60282,175,743,613,2,60457,lesson4,none,line 7,line 7 part 5
180,2,60465,292,791,618,2,60757,lesson4,none,line 7,line 7 part 6
181,2,60766,183,822,604,2,60949,lesson4,none,line 7,line 7 part 7
182,2,60966,159,707,608,2,61125,lesson4,none,line 7,line 7 part 3
183,2,61158,250,446,608,2,61408,lesson4,none,line 7,line 7 part 1
184,2,61417,241,419,613,2,61658,lesson4,none,line 7,line 7 part 1
185,2,61667,275,480,613,2,61942,lesson4,none,line 7,line 7 part 1
186,2,61951,342,530,610,2,62293,lesson4,none,line 7,line 7 part 1
187,2,62301,442,584,610,2,62743,lesson4,none,line 7,line 7 part 3
188,2,62751,468,619,614,2,63219,lesson4,none,line 7,line 7 part 3
189,2,63227,300,651,613,2,63527,lesson4,none,line 7,line 7 part 3
190,2,63552,184,515,476,2,63736,lesson4,none,line 4,line 4 part 2
191,2,63769,443,730,616,2,64212,lesson4,none,line 7,line 7 part 5
192,2,64220,234,759,620,2,64454,lesson4,none,line 7,line 7 part 5
193,2,64479,242,574,422,2,64721,lesson4,none,line 3,line 3 part 4
194,2,64729,75,544,409,2,64804,lesson4,none,line 3,line 3 part 4
195,2,64812,393,442,400,2,65205,lesson4,none,line 3,line 3 part 1
196,2,65221,284,580,407,2,65505,lesson4,none,line 3,line 3 part 4
197,2,65513,267,611,484,2,65780,lesson4,none,,
198,2,65797,200,577,409,2,65997,lesson4,none,line 3,line 3 part 4
199,2,66005,201,625,417,2,66206,lesson4,none,line 3,line 3 part 5
200,2,66247,226,813,634,2,66473,lesson4,none,line 7,line 7 part 7
201,2,66498,192,720,617,2,66690,lesson4,none,line 7,line 7 part 4
202,2,66698,209,747,615,2,66907,lesson4,none,line 7,line 7 part 5
203,2,66915,434,794,620,2,67349,lesson4,none,line 7,line 7 part 6
204,2,67357,200,819,612,2,67557,lesson4,none,line 7,line 7 part 7
205,2,67574,117,722,590,2,67691,lesson4,none,line 6,line 6 part 6
206,2,67800,58,690,589,2,67858,lesson4,none,line 6,line 6 part 5
207,2,68008,200,604,611,2,68208,lesson4,none,line 7,line 7 part 3
208,2,68217,208,651,613,2,68425,lesson4,none,line 7,line 7 part 3
209,2,68442,425,743,621,2,68867,lesson4,none,line 7,line 7 part 5
210,2,68876,400,683,618,2,69276,lesson4,none,line 7,line 7 part 3
211,2,69284,176,692,583,2,69460,lesson4,none,line 6,line 6 part 5
212,2,69468,250,640,604,2,69718,lesson4,none,line 7,line 7 part 3
213,2,69727,275,599,618,2,70002,lesson4,none,line 7,line 7 part 3
214,2,70019,283,753,620,2,70302,lesson4,none,line 7,line 7 part 5
215,2,70311,308,786,622,2,70619,lesson4,none,line 7,
216,2,70645,183,659,547,2,70828,lesson4,none,line 6,line 6 part 4
217,2,70836,334,553,554,2,71170,lesson4,none,line 6,line 6 part 4
218,2,71187,233,434,569,2,71420,lesson4,none,line 6,line 6 part 1
219,2,71454,50,493,558,2,71504,lesson4,none,line 6,line 6 part 2
220,2,71612,201,597,480,2,71813,lesson4,none,line 4,line 4 part 4
221,2,71821,234,620,462,2,72055,lesson4,none,line 4,line 4 part 4
222,2,72063,217,670,452,2,72280,lesson4,none,line 4,line 4 part 4
223,2,72288,509,565,454,2,72797,lesson4,none,line 4,line 4 part 4
224,2,72805,301,611,462,2,73106,lesson4,none,line 4,line 4 part 4
225,2,73223,225,665,449,2,73448,lesson4,none,line 4,line 4 part 4
226,2,73456,901,704,462,2,74357,lesson4,none,line 4,line 4 part 6
227,2,74366,342,657,508,2,74708,lesson4,none,line 5,line 5 part 4
228,2,74716,300,685,455,2,75016,lesson4,none,line 4,
229,2,75025,167,712,448,2,75192,lesson4,none,line 4,line 4 part 6
230,2,75200,275,619,416,2,75475,lesson4,none,line 3,line 3 part 5
231,2,75484,250,557,412,2,75734,lesson4,none,line 3,line 3 part 4
232,2,75751,167,697,438,2,75918,lesson4,none,line 4,
233,2,76034,151,707,472,2,76185,lesson4,none,line 4,line 4 part 6
234,2,76193,309,598,476,2,76502,lesson4,none,line 4,line 4 part 4
235,2,76510,267,587,508,2,76777,lesson4,none,line 5,line 5 part 4
236,2,76785,192,590,543,2,76977,lesson4,none,line 6,line 6 part 4
237,2,76986,175,602,499,2,77161,lesson4,none,line 5,line 5 part 4
238,2,77169,284,593,470,2,77453,lesson4,none,line 4,line 4 part 4
239,2,77461,417,642,453,2,77878,lesson4,none,line 4,line 4 part 4
240,2,77887,267,625,469,2,78154,lesson4,none,line 4,line 4 part 4
241,2,78162,342,659,458,2,78504,lesson4,none,line 4,line 4 part 4
242,2,78521,484,574,519,2,79005,lesson4,none,line 5,line 5 part 4
243,2,79013,184,616,516,2,79197,lesson4,none,line 5,line 5 part 4
244,2,79205,100,596,551,2,79305,lesson4,none,line 6,line 6 part 4
245,2,79313,242,555,559,2,79555,lesson4,none,line 6,line 6 part 4
246,2,79564,208,590,557,2,79772,lesson4,none,line 6,line 6 part 4
247,2,79781,166,633,558,2,79947,lesson4,none,line 6,line 6 part 4
248,2,79956,259,703,570,2,80215,lesson4,none,line 6,line 6 part 6
249,2,80256,59,723,552,2,80315,lesson4,none,line 6,line 6 part 6
250,2,80431,209,748,558,2,80640,lesson4,none,line 6,line 6 part 6
251,2,80665,84,54,76,2,80749,lesson4,none,,
252,2,80790,259,785,535,2,81049,lesson4,none,,
253,2,81057,251,707,553,2,81308,lesson4,none,line 6,line 6 part 6
254,2,81316,425,758,552,2,81741,lesson4,none,line 6,line 6 part 6
255,2,81750,509,838,555,2,82259,lesson4,none,line 6,line 6 part 8
256,2,82267,442,905,557,2,82709,lesson4,none,line 6,line 6 part 8
257,2,82726,250,746,553,2,82976,lesson4,none,line 6,line 6 part 6
258,2,82993,233,944,561,2,83226,lesson4,none,line 6,
259,2,83235,284,863,561,2,83519,lesson4,none,line 6,line 6 part 8
260,2,83527,250,894,555,2,83777,lesson4,none,line 6,line 6 part 8
261,2,83785,301,783,554,2,84086,lesson4,none,line 6,line 6 part 6
262,2,84111,142,673,405,2,84253,lesson4,none,line 3,
263,2,84261,209,661,367,2,84470,lesson4,none,line 2,line 2 part 7
264,2,84478,359,657,409,2,84837,lesson4,none,line 3,line 3 part 5
265,2,84845,234,673,351,2,85079,lesson4,none,line 2,line 2 part 8
266,2,85095,484,635,420,2,85579,lesson4,none,line 3,line 3 part 5
267,2,85588,167,607,404,2,85755,lesson4,none,line 3,line 3 part 5
268,2,85838,1343,581,398,2,87181,lesson4,none,line 3,line 3 part 4
269,2,87190,300,626,399,2,87490,lesson4,none,line 3,line 3 part 5
270,2,87523,159,838,615,2,87682,lesson4,none,line 7,line 7 part 7
271,2,87699,675,756,617,2,88374,lesson4,none,line 7,line 7 part 5
272,2,88408,359,576,405,2,88767,lesson4,none,line 3,line 3 part 4
273,2,88775,501,620,397,2,89276,lesson4,none,line 3,line 3 part 5
274,2,89301,225,773,607,2,89526,lesson4,none,line 7,line 7 part 5
275,2,89534,159,813,611,2,89693,lesson4,none,line 7,line 7 part 7
276,2,89701,167,772,609,2,89868,lesson4,none,line 7,line 7 part 5
277,2,89876,125,742,616,2,90001,lesson4,none,line 7,line 7 part 5
278,2,90035,183,639,423,2,90218,lesson4,none,line 3,line 3 part 5
279,2,90227,567,624,402,2,90794,lesson4,none,line 3,line 3 part 5
280,2,90827,176,814,572,2,91003,lesson4,none,line 6,
281,2,91011,192,938,563,2,91203,lesson4,none,line 6,line 6 part 8
282,2,91211,142,838,552,2,91353,lesson4,none,line 6,line 6 part 8
283,2,91370,200,696,559,2,91570,lesson4,none,line 6,
284,2,91578,259,752,566,2,91837,lesson4,none,line 6,line 6 part 6
285,2,91845,209,786,567,2,92054,lesson4,none,line 6,line 6 part 6
286,2,92062,876,830,606,2,92938,lesson4,none,line 7,line 7 part 7
287,2,92955,42,0,-15,2,92997,lesson4,none,,
288,2,93038,34,810,576,2,93072,lesson4,none,line 6,
289,2,93080,50,844,580,2,93130,lesson4,none,line 6,line 6 part 8
290,2,93163,84,106,30,2,93247,lesson4,none,,
291,2,93305,117,857,594,2,93422,lesson4,none,line 6,line 6 part 8
292,2,93456,150,561,610,2,93606,lesson4,none,line 7,
293,2,93623,317,403,609,2,93940,lesson4,none,line 7,line 7 part 1
294,2,93948,350,468,608,2,94298,lesson4,none,line 7,line 7 part 1
295,2,94307,250,461,574,2,94557,lesson4,none,line 6,line 6 part 2
296,2,94574,208,444,591,2,94782,lesson4,none,line 6,line 6 part 1
297,2,94791,191,519,612,2,94982,lesson4,none,line 7,line 7 part 1
298,2,94991,676,604,623,2,95667,lesson4,none,line 7,line 7 part 3
299,2,95675,200,633,621,2,95875,lesson4,none,line 7,line 7 part 3
300,2,95884,125,668,620,2,96009,lesson4,none,line 7,line 7 part 3
301,2,96034,300,508,513,2,96334,lesson4,none,line 5,line 5 part 2
302,2,96359,467,724,614,2,96826,lesson4,none,line 7,
303,2,96835,342,694,618,2,97177,lesson4,none,line 7,line 7 part 3
304,2,97185,75,732,617,2,97260,lesson4,none,line 7,line 7 part 5
305,2,97294,208,451,429,2,97502,lesson4,none,line 4,line 4 part 2
306,2,97511,267,429,409,2,97778,lesson4,none,line 3,line 3 part 1
307,2,97794,309,574,412,2,98103,lesson4,none,line 3,line 3 part 4
308,2,98111,367,632,451,2,98478,lesson4,none,line 4,line 4 part 4
309,2,98495,351,591,509,2,98846,lesson4,none,line 5,line 5 part 4
310,2,98854,150,640,544,2,99004,lesson4,none,line 6,line 6 part 4
311,2,99021,192,763,566,2,99213,lesson4,none,line 6,line 6 part 6
312,2,99221,325,829,595,2,99546,lesson4,none,line 6,line 6 part 8
313,2,99580,225,605,418,2,99805,lesson4,none,line 3,line 3 part 5
314,2,99813,393,563,405,2,100206,lesson4,none,line 3,line 3 part 4
315,2,100214,183,617,405,2,100397,lesson4,none,line 3,line 3 part 5
316,2,100498,91,653,404,2,100589,lesson4,none,line 3,line 3 part 5
317,2,100715,800,632,406,2,101515,lesson4,none,line 3,line 3 part 5
318,2,101524,208,628,369,2,101732,lesson4,none,line 2,line 2 part 6
319,2,101741,167,548,384,2,101908,lesson4,none,line 3,line 3 part 4
320,2,101916,309,440,398,2,102225,lesson4,none,line 3,line 3 part 1
321,2,102233,175,477,404,2,102408,lesson4,none,line 3,line 3 part 2
322,2,102417,125,428,417,2,102542,lesson4,none,line 3,line 3 part 1
323,2,102558,209,417,540,2,102767,lesson4,none,,
324,2,102775,151,409,581,2,102926,lesson4,none,line 6,line 6 part 1
325,2,102934,233,453,614,2,103167,lesson4,none,line 7,line 7 part 1
326,2,103176,384,484,586,2,103560,lesson4,none,line 6,line 6 part 2
327,2,103568,267,528,571,2,103835,lesson4,none,line 6,
328,2,103843,217,453,582,2,104060,lesson4,none,line 6,line 6 part 2
329,2,104069,208,418,566,2,104277,lesson4,none,line 6,line 6 part 1
330,2,104285,368,466,588,2,104653,lesson4,none,line 6,line 6 part 2
331,2,104661,75,482,569,2,104736,lesson4,none,line 6,line 6 part 2
332,2,104744,292,541,567,2,105036,lesson4,none,line 6,line 6 part 4
333,2,105045,242,596,568,2,105287,lesson4,none,line 6,line 6 part 4
334,2,105295,167,646,563,2,105462,lesson4,none,line 6,line 6 part 4
335,2,105479,408,714,574,2,105887,lesson4,none,line 6,line 6 part 6
336,2,105896,525,780,564,2,106421,lesson4,none,line 6,line 6 part 6
337,2,106430,292,798,604,2,106722,lesson4,none,line 7,
338,2,106797,400,834,552,2,107197,lesson4,none,line 6,line 6 part 8
339,2,107222,34,0,-15,2,107256,lesson4,none,,
340,2,107306,125,840,533,2,107431,lesson4,none,,
341,2,107439,150,855,554,2,107589,lesson4,none,line 6,line 6 part 8
342,2,107598,359,915,555,2,107957,lesson4,none,line 6,line 6 part 8
343,2,107965,192,843,545,2,108157,lesson4,none,line 6,line 6 part 8
344,2,108174,375,733,557,2,108549,lesson4,none,line 6,line 6 part 6
345,2,108557,376,785,554,2,108933,lesson4,none,line 6,line 6 part 6
346,2,108941,584,830,552,2,109525,lesson4,none,line 6,line 6 part 8
347,2,109534,200,859,561,2,109734,lesson4,none,line 6,line 6 part 8
348,2,109742,609,736,551,2,110351,lesson4,none,line 6,line 6 part 6
349,2,110359,418,756,556,2,110777,lesson4,none,line 6,line 6 part 6
350,2,110785,384,788,548,2,111169,lesson4,none,line 6,line 6 part 6
351,2,111177,376,725,557,2,111553,lesson4,none,line 6,line 6 part 6
352,2,111561,284,777,558,2,111845,lesson4,none,line 6,line 6 part 6
353,2,111853,401,834,557,2,112254,lesson4,none,line 6,line 6 part 8
354,2,112262,250,882,551,2,112512,lesson4,none,line 6,line 6 part 8
355,2,112671,258,940,534,2,112929,lesson4,none,,
356,2,112938,175,820,549,2,113113,lesson4,none,line 6,line 6 part 7
357,2,113121,159,751,558,2,113280,lesson4,none,line 6,line 6 part 6
358,2,113305,83,0,-15,2,113388,lesson4,none,,
359,2,113438,217,734,543,2,113655,lesson4,none,line 6,line 6 part 6
360,2,113672,359,834,548,2,114031,lesson4,none,line 6,line 6 part 8
361,2,114039,534,874,542,2,114573,lesson4,none,line 6,line 6 part 8
362,2,114606,42,0,-15,2,114648,lesson4,none,,
363,2,114690,42,841,512,2,114732,lesson4,none,,
364,2,114740,759,889,546,2,115499,lesson4,none,line 6,line 6 part 8
365,2,115508,158,939,550,2,115666,lesson4,none,line 6,line 6 part 8
366,2,115699,159,65,3,2,115858,lesson4,none,,
367,2,115891,50,908,490,2,115941,lesson4,none,,
368,2,115941,134,945,503,2,116075,lesson4,none,,
369,2,116117,200,807,542,2,116317,lesson4,none,line 6,line 6 part 6
370,2,116333,443,737,547,2,116776,lesson4,none,line 6,line 6 part 6
371,2,116784,459,772,555,2,117243,lesson4,none,line 6,line 6 part 6
372,2,117251,134,745,554,2,117385,lesson4,none,line 6,line 6 part 6
373,2,117393,409,828,563,2,117802,lesson4,none,line 6,line 6 part 8
374,2,117810,217,858,565,2,118027,lesson4,none,line 6,line 6 part 8
375,2,118036,325,784,555,2,118361,lesson4,none,line 6,line 6 part 6
376,2,118386,209,692,378,2,118595,lesson4,none,,
377,2,118603,150,668,365,2,118753,lesson4,none,line 2,line 2 part 7
378,2,118762,225,656,392,2,118987,lesson4,none,line 3,line 3 part 5
379,2,119012,417,911,533,2,119429,lesson4,none,,
380,2,119437,234,880,543,2,119671,lesson4,none,line 6,line 6 part 8
381,2,119679,276,940,549,2,119955,lesson4,none,line 6,line 6 part 8
382,2,119963,592,850,545,2,120555,lesson4,none,line 6,line 6 part 8
383,2,120564,242,879,564,2,120806,lesson4,none,line 6,line 6 part 8
384,2,120814,184,911,559,2,120998,lesson4,none,line 6,line 6 part 8
385,2,121031,167,665,426,2,121198,lesson4,none,line 3,line 3 part 5
386,2,121206,225,584,402,2,121431,lesson4,none,line 3,line 3 part 4
387,2,121440,175,544,429,2,121615,lesson4,none,line 4,
388,2,121623,142,442,451,2,121765,lesson4,none,line 4,line 4 part 2
389,2,121774,241,579,447,2,122015,lesson4,none,line 4,line 4 part 4
390,2,122024,258,616,455,2,122282,lesson4,none,line 4,line 4 part 4
391,2,122316,384,756,631,2,122700,lesson4,none,line 7,line 7 part 5
392,2,122716,376,609,615,2,123092,lesson4,none,line 7,line 7 part 3
393,2,123108,209,457,620,2,123317,lesson4,none,line 7,line 7 part 1
394,2,123325,134,426,619,2,123459,lesson4,none,line 7,line 7 part 1
395,2,123759,267,515,620,2,124026,lesson4,none,line 7,line 7 part 1
396,2,124035,333,595,626,2,124368,lesson4,none,line 7,line 7 part 3
397,2,124385,200,579,432,2,124585,lesson4,none,line 4,line 4 part 4
398,2,124594,91,550,410,2,124685,lesson4,none,line 3,line 3 part 4
399,2,124702,217,425,403,2,124919,lesson4,none,line 3,line 3 part 1
400,2,124927,151,467,401,2,125078,lesson4,none,line 3,line 3 part 2
401,2,125178,183,516,394,2,125361,lesson4,none,line 3,
402,2,125370,291,423,397,2,125661,lesson4,none,line 3,line 3 part 1
403,2,125687,41,0,-15,2,125728,lesson4,none,,
404,2,125770,300,434,601,2,126070,lesson4,none,line 7,line 7 part 1
405,2,126095,51,0,-15,2,126146,lesson4,none,,
406,2,126187,42,400,600,2,126229,lesson4,none,line 7,line 7 part 1
407,2,126237,100,445,599,2,126337,lesson4,none,line 7,line 7 part 1
408,2,126354,326,517,610,2,126680,lesson4,none,line 7,line 7 part 1
409,2,126771,267,0,-15,2,127038,lesson4,none,,
410,2,127105,142,658,595,2,127247,lesson4,none,line 6,line 6 part 4
411,2,127272,309,575,619,2,127581,lesson4,none,line 7,
412,2,127589,234,612,619,2,127823,lesson4,none,line 7,line 7 part 3
413,2,127831,425,647,619,2,128256,lesson4,none,line 7,line 7 part 3
414,2,128265,367,608,613,2,128632,lesson4,none,line 7,line 7 part 3
415,2,128657,676,460,501,2,129333,lesson4,none,line 5,line 5 part 2
416,2,129341,292,494,503,2,129633,lesson4,none,line 5,line 5 part 2
417,2,129641,259,466,511,2,129900,lesson4,none,line 5,line 5 part 2
418,2,129908,468,408,508,2,130376,lesson4,none,line 5,line 5 part 1
419,2,130384,275,452,512,2,130659,lesson4,none,line 5,line 5 part 2
420,2,130668,192,496,511,2,130860,lesson4,none,line 5,line 5 part 2
421,2,130868,317,480,555,2,131185,lesson4,none,line 6,line 6 part 2
422,2,131193,459,434,553,2,131652,lesson4,none,line 6,line 6 part 1
423,2,131661,317,479,559,2,131978,lesson4,none,line 6,line 6 part 2
424,2,131994,209,660,599,2,132203,lesson4,none,line 7,line 7 part 3
425,2,132211,301,626,609,2,132512,lesson4,none,line 7,line 7 part 3
426,2,132528,334,720,619,2,132862,lesson4,none,line 7,line 7 part 4
427,2,132895,701,486,547,2,133596,lesson4,none,line 6,line 6 part 2
428,2,133605,358,438,565,2,133963,lesson4,none,line 6,line 6 part 1
429,2,133980,476,545,561,2,134456,lesson4,none,line 6,line 6 part 4
430,2,134472,284,603,564,2,134756,lesson4,none,line 6,line 6 part 4
431,2,134773,75,700,569,2,134848,lesson4,none,line 6,
432,2,134873,183,494,567,2,135056,lesson4,none,line 6,line 6 part 2
433,2,135090,709,782,607,2,135799,lesson4,none,line 7,
434,2,135807,384,758,609,2,136191,lesson4,none,line 7,line 7 part 5
435,2,136199,167,789,617,2,136366,lesson4,none,line 7,line 7 part 6
436,2,136391,34,0,-15,2,136425,lesson4,none,,
437,2,136483,83,788,581,2,136566,lesson4,none,line 6,line 6 part 6
438,2,136600,42,0,-15,2,136642,lesson4,none,,
439,2,136708,368,653,623,2,137076,lesson4,none,line 7,line 7 part 3
440,2,137092,376,765,594,2,137468,lesson4,none,line 6,line 6 part 6
441,2,137476,1577,741,610,2,139053,lesson4,none,line 7,line 7 part 5
442,2,139061,259,785,597,2,139320,lesson4,none,,
443,2,139328,492,739,604,2,139820,lesson4,none,line 7,line 7 part 5
444,2,139937,251,763,608,2,140188,lesson4,none,line 7,line 7 part 5
445,2,140196,92,809,621,2,140288,lesson4,none,line 7,line 7 part 7
