,kind,name,x,y,width,height,local_id
0,line,line 1,567,162,267,54,
1,sub-line,line 1 part 1,567,162,69,54,
2,sub-line,line 1 part 2,639,162,185,54,
3,sub-line,line 1 part 3,830,162,5,54,
4,line,line 2,567,218,341,54,
5,sub-line,line 2 part 1,567,218,65,54,
6,sub-line,line 2 part 2,637,218,57,54,
7,sub-line,line 2 part 3,700,218,193,54,
8,sub-line,line 2 part 4,898,218,11,54,
9,line,line 3,621,274,436,54,
10,sub-line,line 3 part 1,621,274,65,54,
11,sub-line,line 3 part 2,691,274,59,54,
12,sub-line,line 3 part 3,755,274,45,54,
13,sub-line,line 3 part 4,807,274,53,54,
14,sub-line,line 3 part 5,867,274,9,54,
15,sub-line,line 3 part 6,882,274,64,54,
16,sub-line,line 3 part 7,953,274,8,54,
17,sub-line,line 3 part 8,965,274,8,54,
18,sub-line,line 3 part 9,979,274,49,54,
19,sub-line,line 3 part 10,1034,274,9,54,
20,sub-line,line 3 part 11,1048,274,10,54,
21,line,line 4,675,331,444,54,
22,sub-line,line 4 part 1,675,331,93,54,
23,sub-line,line 4 part 2,773,331,19,54,
24,sub-line,line 4 part 3,799,331,14,54,
25,sub-line,line 4 part 4,820,331,46,54,
26,sub-line,line 4 part 5,871,331,93,54,
27,sub-line,line 4 part 6,969,331,9,54,
28,sub-line,line 4 part 7,984,331,107,54,
29,sub-line,line 4 part 8,1099,331,8,54,
30,sub-line,line 4 part 9,1114,331,6,54,
31,line,line 5,675,387,393,54,
32,sub-line,line 5 part 1,675,387,178,54,
33,sub-line,line 5 part 2,859,387,8,54,
34,sub-line,line 5 part 3,873,387,58,54,
35,sub-line,line 5 part 4,936,387,90,54,
36,sub-line,line 5 part 5,1032,387,10,54,
37,sub-line,line 5 part 6,1049,387,8,54,
38,sub-line,line 5 part 7,1064,387,5,54,
39,line,line 6,675,444,263,54,
40,sub-line,line 6 part 1,675,444,27,54,
41,sub-line,line 6 part 2,708,444,58,54,
42,sub-line,line 6 part 3,776,444,14,54,
43,sub-line,line 6 part 4,797,444,100,54,
44,sub-line,line 6 part 5,903,444,8,54,
45,sub-line,line 6 part 6,918,444,8,54,
46,sub-line,line 6 part 7,933,444,6,54,
47,line,line 7,675,500,429,54,
48,sub-line,line 7 part 1,675,500,178,54,
49,sub-line,line 7 part 2,859,500,8,54,
50,sub-line,line 7 part 3,873,500,92,54,
51,sub-line,line 7 part 4,972,500,89,54,
52,sub-line,line 7 part 5,1068,500,9,54,
53,sub-line,line 7 part 6,1084,500,8,54,
54,sub-line,line 7 part 7,1099,500,6,54,
55,line,line 8,675,556,263,54,
56,sub-line,line 8 part 1,675,556,27,54,
57,sub-line,line 8 part 2,708,556,61,54,
58,sub-line,line 8 part 3,776,556,14,54,
59,sub-line,line 8 part 4,797,556,100,54,
60,sub-line,line 8 part 5,903,556,8,54,
61,sub-line,line 8 part 6,918,556,8,54,
62,sub-line,line 8 part 7,933,556,6,54,
63,line,line 9,675,613,375,54,
64,sub-line,line 9 part 1,675,613,27,54,
65,sub-line,line 9 part 2,708,613,89,54,
66,sub-line,line 9 part 3,803,613,14,54,
67,sub-line,line 9 part 4,824,613,9,54,
68,sub-line,line 9 part 5,839,613,58,54,
69,sub-line,line 9 part 6,907,613,14,54,
70,sub-line,line 9 part 7,928,613,61,54,
71,sub-line,line 9 part 8,996,613,9,54,
72,sub-line,line 9 part 9,1010,613,9,54,
73,sub-line,line 9 part 10,1024,613,14,54,
74,sub-line,line 9 part 11,1045,613,6,54,
75,line,line 10,675,669,347,54,
76,sub-line,line 10 part 1,675,669,178,54,
77,sub-line,line 10 part 2,859,669,8,54,
78,sub-line,line 10 part 3,873,669,106,54,
79,sub-line,line 10 part 4,986,669,9,54,
80,sub-line,line 10 part 5,1002,669,8,54,
81,sub-line,line 10 part 6,1017,669,6,54,
82,line,line 11,675,725,314,54,
83,sub-line,line 11 part 1,675,725,178,54,
84,sub-line,line 11 part 2,859,725,8,54,
85,sub-line,line 11 part 3,873,725,89,54,
86,sub-line,line 11 part 4,969,725,8,54,
87,sub-line,line 11 part 5,984,725,6,54,
88,line,line 12,620,783,9,53,
89,sub-line,line 12 part 1,620,783,10,53,
90,line,line 13,566,839,9,53,
91,sub-line,line 13 part 1,566,839,10,53,
