	kind	name	x	y	width	height	local_id
0	line	line 1	694	356	295	53	
1	sub-line	line 1 part 1	694	356	53	53	
2	sub-line	line 1 part 2	753	356	66	53	
3	sub-line	line 1 part 3	825	356	36	53	
4	sub-line	line 1 part 4	869	356	31	53	
5	sub-line	line 1 part 5	908	356	41	53	
6	sub-line	line 1 part 6	955	356	35	53	
7	line	line 2	694	411	141	49	
8	sub-line	line 2 part 1	694	411	31	49	
9	sub-line	line 2 part 2	730	411	53	49	
10	sub-line	line 2 part 3	790	411	46	49	
11	line	line 3	749	468	214	53	
12	sub-line	line 3 part 1	749	468	15	53	
13	sub-line	line 3 part 2	768	468	52	53	
14	sub-line	line 3 part 3	827	468	53	53	
15	sub-line	line 3 part 4	886	468	19	53	
16	sub-line	line 3 part 5	910	468	54	53	
17	line	line 4	803	524	125	54	
18	sub-line	line 4 part 1	803	524	49	54	
19	sub-line	line 4 part 2	857	524	72	54	
20	line	line 5	749	581	45	48	
21	sub-line	line 5 part 1	749	581	46	48	
22	line	line 6	803	637	151	54	
23	sub-line	line 6 part 1	803	637	49	54	
24	sub-line	line 6 part 2	857	637	98	54	
