,kind,name,x,y,width,height,local_id
0,line,line 1,543,250,243,36,
1,sub-line,line 1 part 1,543,250,57,36,
2,sub-line,line 1 part 2,604,250,51,36,
3,sub-line,line 1 part 3,660,250,112,36,
4,sub-line,line 1 part 4,777,250,10,36,
5,line,line 2,597,324,498,36,
6,sub-line,line 2 part 1,597,324,57,36,
7,sub-line,line 2 part 2,658,324,52,36,
8,sub-line,line 2 part 3,714,324,40,36,
9,sub-line,line 2 part 4,760,324,113,36,
10,sub-line,line 2 part 5,878,324,8,36,
11,sub-line,line 2 part 6,891,324,25,36,
12,sub-line,line 2 part 7,920,324,149,36,
13,sub-line,line 2 part 8,1074,324,8,36,
14,sub-line,line 2 part 9,1087,324,9,36,
15,line,line 3,650,361,491,36,
16,sub-line,line 3 part 1,650,361,28,36,
17,sub-line,line 3 part 2,682,361,8,36,
18,sub-line,line 3 part 3,695,361,24,36,
19,sub-line,line 3 part 4,724,361,35,36,
20,sub-line,line 3 part 5,764,361,13,36,
21,sub-line,line 3 part 6,784,361,8,36,
22,sub-line,line 3 part 7,801,361,5,36,
23,sub-line,line 3 part 8,812,361,36,36,
24,sub-line,line 3 part 9,853,361,25,36,
25,sub-line,line 3 part 10,883,361,150,36,
26,sub-line,line 3 part 11,1038,361,6,36,
27,sub-line,line 3 part 12,1049,361,36,36,
28,sub-line,line 3 part 13,1090,361,25,36,
29,sub-line,line 3 part 14,1121,361,8,36,
30,sub-line,line 3 part 15,1133,361,9,36,
31,line,line 4,704,398,356,36,
32,sub-line,line 4 part 1,704,398,28,36,
33,sub-line,line 4 part 2,736,398,8,36,
34,sub-line,line 4 part 3,749,398,24,36,
35,sub-line,line 4 part 4,777,398,29,36,
36,sub-line,line 4 part 5,811,398,13,36,
37,sub-line,line 4 part 6,831,398,8,36,
38,sub-line,line 4 part 7,848,398,5,36,
39,sub-line,line 4 part 8,859,398,28,36,
40,sub-line,line 4 part 9,893,398,25,36,
41,sub-line,line 4 part 10,923,398,36,36,
42,sub-line,line 4 part 11,964,398,5,36,
43,sub-line,line 4 part 12,975,398,28,36,
44,sub-line,line 4 part 13,1009,398,25,36,
45,sub-line,line 4 part 14,1040,398,8,36,
46,sub-line,line 4 part 15,1052,398,9,36,
47,line,line 5,759,435,214,36,
48,sub-line,line 5 part 1,759,435,157,36,
49,sub-line,line 5 part 2,920,435,8,36,
50,sub-line,line 5 part 3,932,435,18,36,
51,sub-line,line 5 part 4,955,435,8,36,
52,sub-line,line 5 part 5,969,435,5,36,
53,line,line 6,705,472,8,36,
54,sub-line,line 6 part 1,705,472,9,36,
55,line,line 7,705,509,208,36,
56,sub-line,line 7 part 1,705,509,172,36,
57,sub-line,line 7 part 2,882,509,8,36,
58,sub-line,line 7 part 3,896,509,8,36,
59,sub-line,line 7 part 4,909,509,5,36,
60,line,line 8,650,546,8,36,
61,sub-line,line 8 part 1,650,546,9,36,
62,line,line 9,596,582,8,36,
63,sub-line,line 9 part 1,596,582,9,36,
64,line,line 10,597,656,381,36,
65,sub-line,line 10 part 1,597,656,57,36,
66,sub-line,line 10 part 2,658,656,52,36,
67,sub-line,line 10 part 3,714,656,40,36,
68,sub-line,line 10 part 4,760,656,46,36,
69,sub-line,line 10 part 5,812,656,8,36,
70,sub-line,line 10 part 6,825,656,56,36,
71,sub-line,line 10 part 7,887,656,7,36,
72,sub-line,line 10 part 8,897,656,8,36,
73,sub-line,line 10 part 9,910,656,43,36,
74,sub-line,line 10 part 10,958,656,8,36,
75,sub-line,line 10 part 11,970,656,9,36,
76,line,line 11,651,693,286,36,
77,sub-line,line 11 part 1,651,693,232,36,
78,sub-line,line 11 part 2,888,693,8,36,
79,sub-line,line 11 part 3,902,693,12,36,
80,sub-line,line 11 part 4,920,693,8,36,
81,sub-line,line 11 part 5,933,693,5,36,
82,line,line 12,596,730,8,36,
83,sub-line,line 12 part 1,596,730,9,36,
84,line,line 13,542,767,8,36,
85,sub-line,line 13 part 1,542,767,9,36,
