,trial_id,start_ms,duration_ms,fix_x,fix_y,exp_id,end_ms,program,offset_kind,aoi_sub-line,offset_kind,aoi_line,aoi_sub-line
0,7,0,217,748,536,4,217,lesson4,none,line 7 part 1,none,line 7,line 7 part 1
1,7,250,117,671,259,4,367,lesson4,none,line 2 part 2,none,line 2,line 2 part 2
2,7,375,42,654,274,4,417,lesson4,none,line 3 part 1,none,line 3,line 3 part 1
3,7,467,83,602,215,4,550,lesson4,none,line 1 part 1,none,line 1,line 1 part 1
4,7,559,175,600,166,4,734,lesson4,none,line 1 part 1,none,line 1,line 1 part 1
5,7,742,50,595,139,4,792,lesson4,none,,none,,
6,7,801,58,673,145,4,859,lesson4,none,,none,,
7,7,867,92,685,184,4,959,lesson4,none,line 1 part 2,none,line 1,line 1 part 2
8,7,967,226,653,202,4,1193,lesson4,none,line 1 part 2,none,line 1,line 1 part 2
9,7,1201,50,629,183,4,1251,lesson4,none,line 1 part 1,none,line 1,line 1 part 1
10,7,1310,100,735,156,4,1410,lesson4,none,,none,,
11,7,1418,134,742,178,4,1552,lesson4,none,line 1 part 2,none,line 1,line 1 part 2
12,7,1560,100,760,207,4,1660,lesson4,none,line 1 part 2,none,line 1,line 1 part 2
13,7,1685,108,759,138,4,1793,lesson4,none,,none,,
14,7,1835,251,629,248,4,2086,lesson4,none,line 2 part 1,none,line 2,line 2 part 1
15,7,2094,33,597,244,4,2127,lesson4,none,line 2 part 1,none,line 2,line 2 part 1
16,7,2136,217,592,213,4,2353,lesson4,none,line 1 part 1,none,line 1,line 1 part 1
17,7,2361,150,584,182,4,2511,lesson4,none,line 1 part 1,none,line 1,line 1 part 1
18,7,2536,83,15,0,4,2619,lesson4,none,,none,,
19,7,2711,167,675,161,4,2878,lesson4,none,,none,,
20,7,2895,33,748,160,4,2928,lesson4,none,,none,,
21,7,2937,75,734,202,4,3012,lesson4,none,line 1 part 2,none,line 1,line 1 part 2
22,7,3020,42,722,222,4,3062,lesson4,none,line 2 part 3,none,line 2,line 2 part 3
23,7,3078,42,790,207,4,3120,lesson4,none,line 1 part 2,none,line 1,line 1 part 2
24,7,3128,201,793,184,4,3329,lesson4,none,line 1 part 2,none,line 1,line 1 part 2
25,7,3337,142,794,223,4,3479,lesson4,none,line 2 part 3,none,line 2,line 2 part 3
26,7,3504,117,646,278,4,3621,lesson4,none,line 3 part 1,none,line 3,line 3 part 1
27,7,3629,42,646,316,4,3671,lesson4,none,line 3 part 1,none,line 3,line 3 part 1
28,7,3679,117,648,348,4,3796,lesson4,none,,none,,
29,7,3804,34,640,306,4,3838,lesson4,none,line 3 part 1,none,line 3,line 3 part 1
30,7,3846,92,629,261,4,3938,lesson4,none,line 2 part 1,none,line 2,line 2 part 1
31,7,3946,59,705,267,4,4005,lesson4,none,line 2 part 3,none,line 2,line 2 part 3
32,7,4013,309,726,297,4,4322,lesson4,none,line 3 part 2,none,line 3,line 3 part 2
33,7,4330,100,734,261,4,4430,lesson4,none,line 2 part 3,none,line 2,line 2 part 3
34,7,4438,75,723,305,4,4513,lesson4,none,line 3 part 2,none,line 3,line 3 part 2
35,7,4522,142,786,326,4,4664,lesson4,none,line 3 part 3,none,line 3,line 3 part 3
36,7,4680,59,876,340,4,4739,lesson4,none,line 4 part 5,none,line 4,line 4 part 5
37,7,4747,109,882,297,4,4856,lesson4,none,line 3 part 6,none,line 3,line 3 part 6
38,7,4889,275,946,299,4,5164,lesson4,none,line 3 part 6,none,line 3,line 3 part 6
39,7,5198,358,713,387,4,5556,lesson4,none,line 5 part 1,none,line 5,line 5 part 1
40,7,5565,108,709,351,4,5673,lesson4,none,line 4 part 1,none,line 4,line 4 part 1
41,7,5690,92,805,360,4,5782,lesson4,none,line 4 part 3,none,line 4,line 4 part 3
42,7,5807,41,15,0,4,5848,lesson4,none,,none,,
43,7,5924,150,941,358,4,6074,lesson4,none,line 4 part 5,none,line 4,line 4 part 5
44,7,6082,150,983,364,4,6232,lesson4,none,,none,line 4,
45,7,6241,50,966,382,4,6291,lesson4,none,,none,line 4,
46,7,6316,183,866,377,4,6499,lesson4,none,line 4 part 4,none,line 4,line 4 part 4
47,7,6533,133,686,428,4,6666,lesson4,none,line 5 part 1,none,line 5,line 5 part 1
48,7,6674,101,693,466,4,6775,lesson4,none,line 6 part 1,none,line 6,line 6 part 1
49,7,6783,117,740,474,4,6900,lesson4,none,line 6 part 2,none,line 6,line 6 part 2
50,7,6908,92,702,466,4,7000,lesson4,none,line 6 part 1,none,line 6,line 6 part 1
51,7,7008,175,775,473,4,7183,lesson4,none,,none,line 6,
52,7,7192,334,883,465,4,7526,lesson4,none,line 6 part 4,none,line 6,line 6 part 4
53,7,7534,225,929,461,4,7759,lesson4,none,,none,line 6,
54,7,7776,217,791,519,4,7993,lesson4,none,line 7 part 1,none,line 7,line 7 part 1
55,7,8009,167,688,522,4,8176,lesson4,none,line 7 part 1,none,line 7,line 7 part 1
56,7,8201,67,15,0,4,8268,lesson4,none,,none,,
57,7,8343,225,688,513,4,8568,lesson4,none,line 7 part 1,none,line 7,line 7 part 1
58,7,8577,33,679,534,4,8610,lesson4,none,line 7 part 1,none,line 7,line 7 part 1
59,7,8627,409,791,537,4,9036,lesson4,none,line 7 part 1,none,line 7,line 7 part 1
60,7,9044,217,824,554,4,9261,lesson4,none,line 7 part 1,none,line 7,line 7 part 1
61,7,9286,259,695,580,4,9545,lesson4,none,line 8 part 1,none,line 8,line 8 part 1
62,7,9553,125,755,590,4,9678,lesson4,none,line 8 part 2,none,line 8,line 8 part 2
63,7,9695,183,949,570,4,9878,lesson4,none,,none,,
64,7,9895,117,947,607,4,10012,lesson4,none,,none,,
65,7,10029,41,769,617,4,10070,lesson4,none,line 9 part 2,none,line 9,line 9 part 2
66,7,10079,242,752,639,4,10321,lesson4,none,line 9 part 2,none,line 9,line 9 part 2
67,7,10337,100,692,658,4,10437,lesson4,none,line 9 part 1,none,line 9,line 9 part 1
68,7,10462,92,15,0,4,10554,lesson4,none,,none,,
69,7,10671,117,707,632,4,10788,lesson4,none,,none,line 9,
70,7,10813,42,778,617,4,10855,lesson4,none,line 9 part 2,none,line 9,line 9 part 2
71,7,10863,108,694,640,4,10971,lesson4,none,line 9 part 1,none,line 9,line 9 part 1
72,7,10980,459,790,660,4,11439,lesson4,none,line 9 part 2,none,line 9,line 9 part 2
73,7,11447,167,809,641,4,11614,lesson4,none,line 9 part 3,none,line 9,line 9 part 3
74,7,11630,67,709,673,4,11697,lesson4,none,line 10 part 1,none,line 10,line 10 part 1
75,7,11706,225,692,700,4,11931,lesson4,none,line 10 part 1,none,line 10,line 10 part 1
76,7,11956,167,769,640,4,12123,lesson4,none,line 9 part 2,none,line 9,line 9 part 2
77,7,12131,442,803,653,4,12573,lesson4,none,line 9 part 3,none,line 9,line 9 part 3
78,7,12615,67,675,655,4,12682,lesson4,none,line 9 part 1,none,line 9,line 9 part 1
79,7,12690,92,666,692,4,12782,lesson4,none,,none,,
80,7,12790,117,15,0,4,12907,lesson4,none,,none,,
81,7,12982,42,709,638,4,13024,lesson4,none,line 9 part 2,none,line 9,line 9 part 2
82,7,13032,67,704,670,4,13099,lesson4,none,line 10 part 1,none,line 10,line 10 part 1
83,7,13124,242,825,693,4,13366,lesson4,none,line 10 part 1,none,line 10,line 10 part 1
84,7,13374,100,911,676,4,13474,lesson4,none,line 10 part 3,none,line 10,line 10 part 3
85,7,13483,192,890,713,4,13675,lesson4,none,line 10 part 3,none,line 10,line 10 part 3
86,7,13708,192,731,648,4,13900,lesson4,none,line 9 part 2,none,line 9,line 9 part 2
87,7,13908,192,697,639,4,14100,lesson4,none,line 9 part 1,none,line 9,line 9 part 1
88,7,14117,217,741,523,4,14334,lesson4,none,line 7 part 1,none,line 7,line 7 part 1
89,7,14342,209,799,507,4,14551,lesson4,none,line 7 part 1,none,line 7,line 7 part 1
90,7,14576,100,15,0,4,14676,lesson4,none,,none,,
91,7,14818,175,737,468,4,14993,lesson4,none,line 6 part 2,none,line 6,line 6 part 2
92,7,15001,150,722,446,4,15151,lesson4,none,line 6 part 2,none,line 6,line 6 part 2
93,7,15160,167,776,493,4,15327,lesson4,none,line 6 part 3,none,line 6,line 6 part 3
94,7,15335,92,712,492,4,15427,lesson4,none,line 6 part 2,none,line 6,line 6 part 2
95,7,15435,367,701,541,4,15802,lesson4,none,line 7 part 1,none,line 7,line 7 part 1
96,7,15819,259,687,657,4,16078,lesson4,none,line 9 part 1,none,line 9,line 9 part 1
97,7,16119,142,687,716,4,16261,lesson4,none,line 10 part 1,none,line 10,line 10 part 1
98,7,16286,267,844,730,4,16553,lesson4,none,line 11 part 1,none,line 11,line 11 part 1
99,7,16562,233,896,737,4,16795,lesson4,none,line 11 part 3,none,line 11,line 11 part 3
100,7,16820,184,716,776,4,17004,lesson4,none,line 11 part 1,none,line 11,line 11 part 1
101,7,17029,133,655,759,4,17162,lesson4,none,,none,,
102,7,17196,141,838,771,4,17337,lesson4,none,line 11 part 1,none,line 11,line 11 part 1
103,7,17354,92,15,0,4,17446,lesson4,none,,none,,
104,7,17604,142,811,805,4,17746,lesson4,none,,none,,
105,7,17763,159,661,796,4,17922,lesson4,none,,none,,
106,7,17972,33,634,783,4,18005,lesson4,none,,none,,
107,7,18022,217,713,812,4,18239,lesson4,none,,none,,
108,7,18255,301,757,765,4,18556,lesson4,none,line 11 part 1,none,line 11,line 11 part 1
109,7,18572,226,843,766,4,18798,lesson4,none,line 11 part 1,none,line 11,line 11 part 1
110,7,18806,317,886,787,4,19123,lesson4,none,,none,,
111,7,19131,242,846,844,4,19373,lesson4,none,,none,,
112,7,19398,134,15,0,4,19532,lesson4,none,,none,,
113,7,19640,50,861,700,4,19690,lesson4,none,line 10 part 2,none,line 10,line 10 part 2
114,7,19757,75,872,771,4,19832,lesson4,none,,none,line 11,
115,7,19841,208,850,657,4,20049,lesson4,none,line 9 part 5,none,line 9,line 9 part 5
116,7,20058,241,814,643,4,20299,lesson4,none,line 9 part 3,none,line 9,line 9 part 3
117,7,20316,125,832,480,4,20441,lesson4,none,line 6 part 4,none,line 6,line 6 part 4
118,7,20450,100,836,444,4,20550,lesson4,none,line 6 part 4,none,line 6,line 6 part 4
119,7,20600,150,874,433,4,20750,lesson4,none,line 5 part 3,none,line 5,line 5 part 3
120,7,20758,92,879,466,4,20850,lesson4,none,line 6 part 4,none,line 6,line 6 part 4
121,7,20859,283,919,444,4,21142,lesson4,none,line 6 part 6,none,line 6,line 6 part 6
122,7,21167,192,844,572,4,21359,lesson4,none,line 8 part 4,none,line 8,line 8 part 4
123,7,21384,84,15,0,4,21468,lesson4,none,,none,,
124,7,21568,117,856,503,4,21685,lesson4,none,,none,line 7,
125,7,21718,100,15,0,4,21818,lesson4,none,,none,,
126,7,21918,67,816,600,4,21985,lesson4,none,line 8 part 4,none,line 8,line 8 part 4
127,7,22010,150,834,393,4,22160,lesson4,none,line 5 part 1,none,line 5,line 5 part 1
128,7,22168,34,847,368,4,22202,lesson4,none,line 4 part 4,none,line 4,line 4 part 4
129,7,22210,42,847,335,4,22252,lesson4,none,line 4 part 4,none,line 4,line 4 part 4
130,7,22260,59,725,336,4,22319,lesson4,none,line 4 part 1,none,line 4,line 4 part 1
131,7,22327,208,696,335,4,22535,lesson4,none,line 4 part 1,none,line 4,line 4 part 1
132,7,22544,334,669,329,4,22878,lesson4,none,,none,,
133,7,22894,84,753,330,4,22978,lesson4,none,,none,,
134,7,22986,33,750,292,4,23019,lesson4,none,line 3 part 2,none,line 3,line 3 part 2
135,7,23028,100,752,256,4,23128,lesson4,none,line 2 part 3,none,line 2,line 2 part 3
136,7,23136,209,725,236,4,23345,lesson4,none,line 2 part 3,none,line 2,line 2 part 3
137,7,23353,142,735,199,4,23495,lesson4,none,line 1 part 2,none,line 1,line 1 part 2
138,7,23528,34,871,323,4,23562,lesson4,none,line 3 part 5,none,line 3,line 3 part 5
139,7,23570,34,863,354,4,23604,lesson4,none,line 4 part 4,none,line 4,line 4 part 4
140,7,23612,175,862,411,4,23787,lesson4,none,line 5 part 2,none,line 5,line 5 part 2
141,7,23795,201,869,430,4,23996,lesson4,none,,none,line 5,
142,7,24004,134,863,474,4,24138,lesson4,none,line 6 part 4,none,line 6,line 6 part 4
143,7,24163,75,15,0,4,24238,lesson4,none,,none,,
144,7,24446,284,838,356,4,24730,lesson4,none,line 4 part 4,none,line 4,line 4 part 4
145,7,24738,134,779,333,4,24872,lesson4,none,line 4 part 2,none,line 4,line 4 part 2
146,7,24964,133,636,131,4,25097,lesson4,none,,none,,
147,7,25105,101,667,176,4,25206,lesson4,none,line 1 part 2,none,line 1,line 1 part 2
148,7,25214,267,739,204,4,25481,lesson4,none,line 1 part 2,none,line 1,line 1 part 2
149,7,25531,92,629,162,4,25623,lesson4,none,line 1 part 1,none,line 1,line 1 part 1
150,7,25631,125,612,128,4,25756,lesson4,none,,none,,
151,7,25764,42,613,102,4,25806,lesson4,none,,none,,
152,7,25848,133,662,170,4,25981,lesson4,none,line 1 part 2,none,line 1,line 1 part 2
153,7,25990,150,664,207,4,26140,lesson4,none,line 1 part 2,none,line 1,line 1 part 2
154,7,26148,109,669,244,4,26257,lesson4,none,line 2 part 2,none,line 2,line 2 part 2
155,7,26282,292,752,350,4,26574,lesson4,none,line 4 part 1,none,line 4,line 4 part 1
156,7,26616,91,799,435,4,26707,lesson4,none,line 5 part 1,none,line 5,line 5 part 1
157,7,26732,100,15,0,4,26832,lesson4,none,,none,,
158,7,26966,133,862,428,4,27099,lesson4,none,line 5 part 2,none,line 5,line 5 part 2
159,7,27150,1118,15,0,4,28268,lesson4,none,,none,,
160,7,28368,50,845,506,4,28418,lesson4,none,line 7 part 1,none,line 7,line 7 part 1
161,7,28426,59,835,473,4,28485,lesson4,none,line 6 part 4,none,line 6,line 6 part 4
162,7,28493,225,825,439,4,28718,lesson4,none,line 5 part 1,none,line 5,line 5 part 1
163,7,28726,142,785,378,4,28868,lesson4,none,line 4 part 2,none,line 4,line 4 part 2
164,7,28877,408,780,344,4,29285,lesson4,none,line 4 part 2,none,line 4,line 4 part 2
165,7,29327,209,831,401,4,29536,lesson4,none,line 5 part 1,none,line 5,line 5 part 1
166,7,29552,192,15,0,4,29744,lesson4,none,,none,,
167,7,29836,134,763,408,4,29970,lesson4,none,line 5 part 1,none,line 5,line 5 part 1
168,7,29995,208,878,422,4,30203,lesson4,none,line 5 part 3,none,line 5,line 5 part 3
169,7,30245,133,738,259,4,30378,lesson4,none,line 2 part 3,none,line 2,line 2 part 3
170,7,30395,109,735,182,4,30504,lesson4,none,line 1 part 2,none,line 1,line 1 part 2
171,7,30512,75,733,151,4,30587,lesson4,none,,none,,
172,7,30612,134,801,353,4,30746,lesson4,none,line 4 part 3,none,line 4,line 4 part 3
173,7,30779,67,712,400,4,30846,lesson4,none,line 5 part 1,none,line 5,line 5 part 1
174,7,30854,225,705,423,4,31079,lesson4,none,line 5 part 1,none,line 5,line 5 part 1
175,7,31088,283,685,437,4,31371,lesson4,none,line 5 part 1,none,line 5,line 5 part 1
176,7,31421,509,686,408,4,31930,lesson4,none,line 5 part 1,none,line 5,line 5 part 1
177,7,31939,417,727,397,4,32356,lesson4,none,line 5 part 1,none,line 5,line 5 part 1
178,7,32381,75,788,410,4,32456,lesson4,none,line 5 part 1,none,line 5,line 5 part 1
179,7,32556,59,15,0,4,32615,lesson4,none,,none,,
180,7,32656,100,750,329,4,32756,lesson4,none,,none,,
181,7,32773,100,111,92,4,32873,lesson4,none,,none,,
182,7,32973,67,778,337,4,33040,lesson4,none,line 4 part 2,none,line 4,line 4 part 2
183,7,33065,42,684,185,4,33107,lesson4,none,line 1 part 2,none,line 1,line 1 part 2
184,7,33115,50,682,143,4,33165,lesson4,none,,none,,
185,7,33174,125,652,132,4,33299,lesson4,none,,none,,
186,7,33307,175,624,93,4,33482,lesson4,none,,none,,
187,7,33516,100,597,166,4,33616,lesson4,none,line 1 part 1,none,line 1,line 1 part 1
188,7,33624,125,596,194,4,33749,lesson4,none,line 1 part 1,none,line 1,line 1 part 1
189,7,33758,492,587,145,4,34250,lesson4,none,,none,,
190,7,34258,42,576,171,4,34300,lesson4,none,line 1 part 1,none,line 1,line 1 part 1
191,7,34317,183,586,220,4,34500,lesson4,none,line 2 part 1,none,line 2,line 2 part 1
192,7,34509,175,577,192,4,34684,lesson4,none,line 1 part 1,none,line 1,line 1 part 1
193,7,34742,67,15,0,4,34809,lesson4,none,,none,,
194,7,34859,33,590,146,4,34892,lesson4,none,,none,,
195,7,34901,108,550,183,4,35009,lesson4,none,,none,,
196,7,35017,610,564,203,4,35627,lesson4,none,,none,,
197,7,35635,208,583,186,4,35843,lesson4,none,line 1 part 1,none,line 1,line 1 part 1
198,7,35860,59,560,116,4,35919,lesson4,none,,none,,
199,7,35927,92,556,85,4,36019,lesson4,none,,none,,
200,7,36035,226,620,90,4,36261,lesson4,none,,none,,
201,7,36294,50,704,130,4,36344,lesson4,none,,none,,
202,7,36352,126,709,168,4,36478,lesson4,none,line 1 part 2,none,line 1,line 1 part 2
203,7,36486,234,684,124,4,36720,lesson4,none,,none,,
204,7,36736,267,584,121,4,37003,lesson4,none,,none,,
205,7,37053,50,738,101,4,37103,lesson4,none,,none,,
206,7,37112,158,727,135,4,37270,lesson4,none,,none,,
207,7,37337,50,693,555,4,37387,lesson4,none,,none,,
208,7,37395,75,686,599,4,37470,lesson4,none,line 8 part 1,none,line 8,line 8 part 1
209,7,37479,42,687,622,4,37521,lesson4,none,line 9 part 1,none,line 9,line 9 part 1
210,7,37537,34,756,603,4,37571,lesson4,none,line 8 part 2,none,line 8,line 8 part 2
211,7,37579,117,770,573,4,37696,lesson4,none,,none,line 8,
212,7,37754,125,15,0,4,37879,lesson4,none,,none,,
213,7,37946,209,727,207,4,38155,lesson4,none,line 1 part 2,none,line 1,line 1 part 2
214,7,38196,251,15,0,4,38447,lesson4,none,,none,,
215,7,38547,175,726,406,4,38722,lesson4,none,line 5 part 1,none,line 5,line 5 part 1
216,7,38730,59,725,438,4,38789,lesson4,none,line 5 part 1,none,line 5,line 5 part 1
217,7,38805,192,732,238,4,38997,lesson4,none,line 2 part 3,none,line 2,line 2 part 3
218,7,39006,58,728,203,4,39064,lesson4,none,line 1 part 2,none,line 1,line 1 part 2
219,7,39089,284,842,473,4,39373,lesson4,none,line 6 part 4,none,line 6,line 6 part 4
220,7,39381,50,850,448,4,39431,lesson4,none,line 6 part 4,none,line 6,line 6 part 4
221,7,39448,117,713,434,4,39565,lesson4,none,line 5 part 1,none,line 5,line 5 part 1
222,7,39573,133,691,449,4,39706,lesson4,none,line 6 part 1,none,line 6,line 6 part 1
223,7,39732,283,753,349,4,40015,lesson4,none,line 4 part 1,none,line 4,line 4 part 1
224,7,40049,75,15,0,4,40124,lesson4,none,,none,,
225,7,40190,67,789,277,4,40257,lesson4,none,line 3 part 3,none,line 3,line 3 part 3
226,7,40265,217,794,329,4,40482,lesson4,none,,none,,
227,7,40507,92,694,405,4,40599,lesson4,none,line 5 part 1,none,line 5,line 5 part 1
228,7,40608,125,693,446,4,40733,lesson4,none,line 6 part 1,none,line 6,line 6 part 1
229,7,40758,250,800,445,4,41008,lesson4,none,line 6 part 4,none,line 6,line 6 part 4
230,7,41016,67,828,463,4,41083,lesson4,none,line 6 part 4,none,line 6,line 6 part 4
231,7,41092,141,844,496,4,41233,lesson4,none,line 6 part 4,none,line 6,line 6 part 4
232,7,41242,317,866,361,4,41559,lesson4,none,line 4 part 4,none,line 4,line 4 part 4
233,7,41567,59,870,336,4,41626,lesson4,none,,none,line 4,
234,7,41659,217,833,424,4,41876,lesson4,none,line 5 part 1,none,line 5,line 5 part 1
235,7,41909,34,718,531,4,41943,lesson4,none,line 7 part 1,none,line 7,line 7 part 1
236,7,41951,150,719,566,4,42101,lesson4,none,line 8 part 2,none,line 8,line 8 part 2
237,7,42110,283,772,553,4,42393,lesson4,none,line 7 part 1,none,line 7,line 7 part 1
238,7,42410,117,685,583,4,42527,lesson4,none,line 8 part 1,none,line 8,line 8 part 1
239,7,42535,142,662,567,4,42677,lesson4,none,,none,,
240,7,42693,67,769,547,4,42760,lesson4,none,line 7 part 1,none,line 7,line 7 part 1
241,7,42777,33,852,559,4,42810,lesson4,none,line 8 part 4,none,line 8,line 8 part 4
242,7,42819,50,773,570,4,42869,lesson4,none,,none,line 8,
243,7,42935,159,863,603,4,43094,lesson4,none,line 8 part 4,none,line 8,line 8 part 4
244,7,43144,167,693,672,4,43311,lesson4,none,line 10 part 1,none,line 10,line 10 part 1
245,7,43328,258,769,649,4,43586,lesson4,none,line 9 part 2,none,line 9,line 9 part 2
246,7,43603,67,694,760,4,43670,lesson4,none,line 11 part 1,none,line 11,line 11 part 1
247,7,43678,42,689,791,4,43720,lesson4,none,,none,,
248,7,43745,83,15,0,4,43828,lesson4,none,,none,,
249,7,43912,183,680,412,4,44095,lesson4,none,line 5 part 1,none,line 5,line 5 part 1
250,7,44104,200,686,391,4,44304,lesson4,none,line 5 part 1,none,line 5,line 5 part 1
251,7,44320,101,668,347,4,44421,lesson4,none,,none,,
252,7,44454,267,647,293,4,44721,lesson4,none,line 3 part 1,none,line 3,line 3 part 1
253,7,44729,75,632,273,4,44804,lesson4,none,,none,,
254,7,44829,176,854,264,4,45005,lesson4,none,line 2 part 3,none,line 2,line 2 part 3
255,7,45013,42,864,301,4,45055,lesson4,none,,none,line 3,
256,7,45063,50,863,339,4,45113,lesson4,none,line 4 part 4,none,line 4,line 4 part 4
257,7,45288,42,772,331,4,45330,lesson4,none,,none,line 4,
258,7,45338,251,754,381,4,45589,lesson4,none,line 4 part 1,none,line 4,line 4 part 1
259,7,45597,134,862,375,4,45731,lesson4,none,line 4 part 4,none,line 4,line 4 part 4
260,7,45739,58,865,350,4,45797,lesson4,none,line 4 part 4,none,line 4,line 4 part 4
261,7,45814,192,989,366,4,46006,lesson4,none,line 4 part 7,none,line 4,line 4 part 7
262,7,46031,292,15,0,4,46323,lesson4,none,,none,,
263,7,46465,142,780,524,4,46607,lesson4,none,line 7 part 1,none,line 7,line 7 part 1
264,7,46632,191,851,601,4,46823,lesson4,none,line 8 part 4,none,line 8,line 8 part 4
265,7,46832,334,700,629,4,47166,lesson4,none,line 9 part 1,none,line 9,line 9 part 1
266,7,47174,142,695,666,4,47316,lesson4,none,line 9 part 1,none,line 9,line 9 part 1
267,7,47332,167,775,680,4,47499,lesson4,none,line 10 part 1,none,line 10,line 10 part 1
268,7,47516,309,680,734,4,47825,lesson4,none,line 11 part 1,none,line 11,line 11 part 1
269,7,47858,159,747,767,4,48017,lesson4,none,line 11 part 1,none,line 11,line 11 part 1
270,7,48025,109,821,778,4,48134,lesson4,none,line 11 part 1,none,line 11,line 11 part 1
271,7,48159,534,858,595,4,48693,lesson4,none,line 8 part 4,none,line 8,line 8 part 4
272,7,48709,159,866,498,4,48868,lesson4,none,line 6 part 4,none,line 6,line 6 part 4
273,7,48893,175,914,464,4,49068,lesson4,none,,none,line 6,
274,7,49101,301,808,806,4,49402,lesson4,none,,none,,
275,7,49427,92,15,0,4,49519,lesson4,none,,none,,
276,7,49619,100,823,755,4,49719,lesson4,none,line 11 part 1,none,line 11,line 11 part 1
277,7,49769,58,743,737,4,49827,lesson4,none,line 11 part 1,none,line 11,line 11 part 1
278,7,49835,117,663,803,4,49952,lesson4,none,,none,,
279,7,49994,217,740,356,4,50211,lesson4,none,line 4 part 1,none,line 4,line 4 part 1
280,7,50219,50,758,319,4,50269,lesson4,none,line 3 part 3,none,line 3,line 3 part 3
281,7,50286,84,841,311,4,50370,lesson4,none,line 3 part 4,none,line 3,line 3 part 4
282,7,50378,158,846,346,4,50536,lesson4,none,line 4 part 4,none,line 4,line 4 part 4
283,7,50545,92,874,402,4,50637,lesson4,none,line 5 part 3,none,line 5,line 5 part 3
284,7,50645,33,855,356,4,50678,lesson4,none,line 4 part 4,none,line 4,line 4 part 4
285,7,50695,50,826,331,4,50745,lesson4,none,line 4 part 4,none,line 4,line 4 part 4
286,7,50837,33,881,456,4,50870,lesson4,none,line 6 part 4,none,line 6,line 6 part 4
287,7,50904,133,804,526,4,51037,lesson4,none,line 7 part 1,none,line 7,line 7 part 1
288,7,51054,200,823,654,4,51254,lesson4,none,,none,line 9,
289,7,51262,125,849,610,4,51387,lesson4,none,line 8 part 4,none,line 8,line 8 part 4
290,7,51396,58,852,589,4,51454,lesson4,none,line 8 part 4,none,line 8,line 8 part 4
291,7,51471,209,797,682,4,51680,lesson4,none,line 10 part 1,none,line 10,line 10 part 1
292,7,51696,518,826,760,4,52214,lesson4,none,line 11 part 1,none,line 11,line 11 part 1
293,7,52230,75,818,850,4,52305,lesson4,none,,none,,
294,7,52322,175,15,0,4,52497,lesson4,none,,none,,
295,7,52547,42,797,395,4,52589,lesson4,none,line 5 part 1,none,line 5,line 5 part 1
296,7,52597,50,818,430,4,52647,lesson4,none,line 5 part 1,none,line 5,line 5 part 1
297,7,52664,359,817,466,4,53023,lesson4,none,line 6 part 4,none,line 6,line 6 part 4
298,7,53089,51,769,300,4,53140,lesson4,none,line 3 part 3,none,line 3,line 3 part 3
