,trial_id,start_ms,duration_ms,fix_x,fix_y,exp_id,end_ms,program,offset_kind,aoi_line,aoi_sub-line
0,13,0,251,691,344,1,251,lesson1,none,,
1,13,267,442,789,403,1,709,lesson1,none,line 1,line 1 part 2
2,13,718,201,760,389,1,919,lesson1,none,line 1,line 1 part 2
3,13,926,284,886,393,1,1210,lesson1,none,line 1,line 1 part 4
4,13,1218,184,844,391,1,1402,lesson1,none,line 1,line 1 part 3
5,13,1419,442,773,446,1,1861,lesson1,none,line 2,line 2 part 2
6,13,1869,384,821,482,1,2253,lesson1,none,line 3,
7,13,2278,250,901,485,1,2528,lesson1,none,line 3,line 3 part 4
8,13,2553,267,781,406,1,2820,lesson1,none,line 1,line 1 part 2
9,13,2829,175,822,402,1,3004,lesson1,none,line 1,
10,13,3012,242,866,393,1,3254,lesson1,none,line 1,
11,13,3263,158,911,379,1,3421,lesson1,none,line 1,line 1 part 5
12,13,3555,250,802,371,1,3805,lesson1,none,line 1,line 1 part 2
13,13,3813,175,761,386,1,3988,lesson1,none,line 1,line 1 part 2
14,13,4005,342,852,398,1,4347,lesson1,none,line 1,line 1 part 3
15,13,4356,375,915,399,1,4731,lesson1,none,line 1,line 1 part 5
16,13,4740,267,942,396,1,5007,lesson1,none,line 1,line 1 part 5
17,13,5015,285,890,395,1,5300,lesson1,none,line 1,line 1 part 4
18,13,5315,275,642,393,1,5590,lesson1,none,,
19,13,5649,92,781,409,1,5741,lesson1,none,line 1,line 1 part 2
20,13,5749,167,805,452,1,5916,lesson1,none,line 2,line 2 part 3
21,13,5924,217,811,482,1,6141,lesson1,none,line 3,line 3 part 2
22,13,6158,267,881,488,1,6425,lesson1,none,line 3,
23,13,6433,184,859,527,1,6617,lesson1,none,line 4,line 4 part 2
24,13,6625,125,837,545,1,6750,lesson1,none,line 4,line 4 part 1
25,13,6759,534,795,496,1,7293,lesson1,none,line 3,line 3 part 2
26,13,7301,258,846,481,1,7559,lesson1,none,line 3,line 3 part 3
27,13,7568,434,897,484,1,8002,lesson1,none,line 3,line 3 part 4
28,13,8027,359,837,544,1,8386,lesson1,none,line 4,line 4 part 1
29,13,8394,217,875,544,1,8611,lesson1,none,line 4,line 4 part 2
30,13,8627,351,791,588,1,8978,lesson1,none,line 5,line 5 part 1
31,13,8986,251,847,630,1,9237,lesson1,none,,
32,13,9245,259,881,641,1,9504,lesson1,none,line 6,line 6 part 2
33,13,9537,242,894,405,1,9779,lesson1,none,line 1,line 1 part 4
34,13,9787,217,922,379,1,10004,lesson1,none,line 1,line 1 part 5
35,13,10021,184,761,466,1,10205,lesson1,none,,
36,13,10263,167,775,357,1,10430,lesson1,none,line 1,line 1 part 2
37,13,10438,167,768,387,1,10605,lesson1,none,line 1,line 1 part 2
38,13,10622,267,823,498,1,10889,lesson1,none,line 3,
39,13,10897,175,839,534,1,11072,lesson1,none,line 4,line 4 part 1
40,13,11080,317,864,535,1,11397,lesson1,none,line 4,line 4 part 2
41,13,11406,125,838,534,1,11531,lesson1,none,line 4,line 4 part 1
42,13,11548,233,800,483,1,11781,lesson1,none,line 3,line 3 part 2
43,13,11790,559,758,447,1,12349,lesson1,none,line 2,line 2 part 2
44,13,12357,325,809,455,1,12682,lesson1,none,line 2,line 2 part 3
45,13,12691,275,796,484,1,12966,lesson1,none,line 3,line 3 part 2
46,13,12974,192,840,489,1,13166,lesson1,none,line 3,line 3 part 3
47,13,13183,317,791,389,1,13500,lesson1,none,line 1,line 1 part 2
48,13,13517,192,831,497,1,13709,lesson1,none,line 3,line 3 part 3
49,13,13717,459,843,547,1,14176,lesson1,none,line 4,line 4 part 1
