,trial_id,start_ms,duration_ms,fix_x,fix_y,exp_id,end_ms,program,offset_kind,aoi_line,aoi_sub-line
0,12,0,301,662,301,6,301,lesson6,none,,
1,12,309,175,676,262,6,484,lesson6,none,line 1,line 1 part 3
2,12,493,92,707,247,6,585,lesson6,none,,
3,12,610,41,0,-20,6,651,lesson6,none,,
4,12,726,134,668,195,6,860,lesson6,none,,
5,12,868,109,634,210,6,977,lesson6,none,,
6,12,1002,108,770,474,6,1110,lesson6,none,,
7,12,1118,92,783,496,6,1210,lesson6,none,,
8,12,1219,242,845,524,6,1461,lesson6,none,line 7,line 7 part 1
9,12,1477,259,860,418,6,1736,lesson6,none,line 4,line 4 part 8
10,12,1744,150,868,367,6,1894,lesson6,none,line 3,line 3 part 9
11,12,1920,525,690,227,6,2445,lesson6,none,,
12,12,2454,141,736,229,6,2595,lesson6,none,,
13,12,2612,309,647,318,6,2921,lesson6,none,,
14,12,2946,50,131,104,6,2996,lesson6,none,,
15,12,3071,100,674,278,6,3171,lesson6,none,line 1,line 1 part 3
16,12,3196,83,0,-20,6,3279,lesson6,none,,
17,12,3346,367,747,300,6,3713,lesson6,none,,
18,12,3722,283,819,328,6,4005,lesson6,none,line 2,line 2 part 4
19,12,4014,333,956,315,6,4347,lesson6,none,,
20,12,4356,183,931,324,6,4539,lesson6,none,line 2,line 2 part 7
21,12,4548,217,998,319,6,4765,lesson6,none,,
22,12,4773,242,958,313,6,5015,lesson6,none,,
23,12,5023,75,920,308,6,5098,lesson6,none,,
24,12,5115,84,0,-20,6,5199,lesson6,none,,
25,12,5257,133,978,283,6,5390,lesson6,none,,
26,12,5399,692,1027,321,6,6091,lesson6,none,,
27,12,6125,417,745,365,6,6542,lesson6,none,line 3,line 3 part 4
28,12,6550,242,683,363,6,6792,lesson6,none,line 3,line 3 part 2
29,12,6800,359,734,373,6,7159,lesson6,none,line 3,line 3 part 4
30,12,7176,284,790,412,6,7460,lesson6,none,line 4,line 4 part 4
31,12,7468,275,818,381,6,7743,lesson6,none,line 3,line 3 part 8
32,12,7752,192,762,353,6,7944,lesson6,none,line 2,line 2 part 4
33,12,7952,100,811,364,6,8052,lesson6,none,line 3,
34,12,8060,84,822,386,6,8144,lesson6,none,line 3,line 3 part 8
35,12,8160,92,744,388,6,8252,lesson6,none,line 3,line 3 part 4
36,12,8269,67,0,-20,6,8336,lesson6,none,,
37,12,8394,42,812,304,6,8436,lesson6,none,,
38,12,8503,100,0,-20,6,8603,lesson6,none,,
39,12,8686,34,784,323,6,8720,lesson6,none,,
40,12,8728,117,778,352,6,8845,lesson6,none,line 2,line 2 part 4
41,12,8853,83,768,328,6,8936,lesson6,none,line 2,line 2 part 4
42,12,8953,284,832,351,6,9237,lesson6,none,line 2,line 2 part 4
43,12,9262,259,1000,334,6,9521,lesson6,none,line 2,line 2 part 7
44,12,9529,150,972,323,6,9679,lesson6,none,,
45,12,9696,41,842,334,6,9737,lesson6,none,line 2,line 2 part 4
46,12,9746,125,830,366,6,9871,lesson6,none,line 3,line 3 part 8
47,12,9888,116,0,-20,6,10004,lesson6,none,,
48,12,10105,75,777,301,6,10180,lesson6,none,,
49,12,10188,92,768,347,6,10280,lesson6,none,line 2,line 2 part 4
50,12,10288,250,851,375,6,10538,lesson6,none,line 3,
51,12,10547,192,932,383,6,10739,lesson6,none,line 3,line 3 part 10
52,12,10747,67,948,356,6,10814,lesson6,none,line 2,line 2 part 7
53,12,10822,225,990,364,6,11047,lesson6,none,line 3,line 3 part 10
54,12,11064,392,1059,359,6,11456,lesson6,none,line 2,line 2 part 7
55,12,11490,133,833,404,6,11623,lesson6,none,line 4,line 4 part 6
56,12,11657,225,776,418,6,11882,lesson6,none,line 4,
57,12,11890,192,743,407,6,12082,lesson6,none,line 4,line 4 part 2
58,12,12090,134,789,415,6,12224,lesson6,none,line 4,line 4 part 4
59,12,12240,59,103,49,6,12299,lesson6,none,,
60,12,12366,108,828,351,6,12474,lesson6,none,line 2,line 2 part 4
61,12,12516,75,773,402,6,12591,lesson6,none,line 4,line 4 part 3
62,12,12633,150,0,-20,6,12783,lesson6,none,,
63,12,12875,534,815,368,6,13409,lesson6,none,line 3,line 3 part 8
64,12,13417,200,835,363,6,13617,lesson6,none,line 3,line 3 part 8
65,12,13634,100,920,369,6,13734,lesson6,none,line 3,line 3 part 10
66,12,13751,208,0,-20,6,13959,lesson6,none,,
67,12,14059,209,917,327,6,14268,lesson6,none,line 2,
68,12,14276,201,980,344,6,14477,lesson6,none,line 2,line 2 part 7
69,12,14485,50,984,369,6,14535,lesson6,none,line 3,line 3 part 10
70,12,14560,259,766,413,6,14819,lesson6,none,line 4,line 4 part 3
71,12,14827,250,802,410,6,15077,lesson6,none,line 4,line 4 part 4
72,12,15086,158,787,429,6,15244,lesson6,none,line 4,line 4 part 4
73,12,15253,225,749,408,6,15478,lesson6,none,line 4,line 4 part 3
74,12,15486,92,767,394,6,15578,lesson6,none,line 3,line 3 part 5
75,12,15586,384,810,414,6,15970,lesson6,none,line 4,
76,12,15978,293,853,415,6,16271,lesson6,none,line 4,line 4 part 7
77,12,16279,233,886,411,6,16512,lesson6,none,line 4,line 4 part 8
78,12,16554,175,824,378,6,16729,lesson6,none,line 3,line 3 part 8
79,12,16738,141,889,363,6,16879,lesson6,none,line 3,line 3 part 10
80,12,16888,100,894,338,6,16988,lesson6,none,line 2,line 2 part 6
81,12,16996,92,931,343,6,17088,lesson6,none,line 2,line 2 part 7
82,12,17096,159,971,371,6,17255,lesson6,none,line 3,line 3 part 10
83,12,17263,117,987,342,6,17380,lesson6,none,line 2,line 2 part 7
84,12,17430,100,783,368,6,17530,lesson6,none,line 3,
85,12,17547,50,0,-20,6,17597,lesson6,none,,
86,12,17647,50,790,315,6,17697,lesson6,none,,
87,12,17706,41,792,358,6,17747,lesson6,none,line 2,line 2 part 4
88,12,17756,108,782,388,6,17864,lesson6,none,line 3,
89,12,17872,301,917,407,6,18173,lesson6,none,line 4,line 4 part 9
90,12,18181,276,947,395,6,18457,lesson6,none,line 3,line 3 part 10
91,12,18482,550,787,401,6,19032,lesson6,none,line 4,line 4 part 4
92,12,19041,408,806,414,6,19449,lesson6,none,line 4,line 4 part 4
93,12,19458,100,850,421,6,19558,lesson6,none,line 4,line 4 part 7
94,12,19574,101,0,-20,6,19675,lesson6,none,,
95,12,19800,175,828,388,6,19975,lesson6,none,line 3,line 3 part 8
96,12,19992,150,0,-20,6,20142,lesson6,none,,
97,12,20225,84,902,380,6,20309,lesson6,none,line 3,line 3 part 10
98,12,20317,267,906,409,6,20584,lesson6,none,line 4,line 4 part 9
99,12,20601,208,804,412,6,20809,lesson6,none,line 4,line 4 part 4
100,12,20834,293,1030,414,6,21127,lesson6,none,line 4,line 4 part 13
101,12,21160,175,892,348,6,21335,lesson6,none,line 2,line 2 part 6
102,12,21352,83,0,-20,6,21435,lesson6,none,,
103,12,21519,175,915,329,6,21694,lesson6,none,line 2,line 2 part 6
104,12,21702,184,982,350,6,21886,lesson6,none,line 2,line 2 part 7
105,12,21911,258,795,348,6,22169,lesson6,none,line 2,line 2 part 4
106,12,22178,41,795,372,6,22219,lesson6,none,line 3,
107,12,22228,167,738,371,6,22395,lesson6,none,line 3,line 3 part 4
108,12,22403,50,729,348,6,22453,lesson6,none,line 2,line 2 part 3
109,12,22470,125,813,423,6,22595,lesson6,none,line 4,line 4 part 5
110,12,22603,142,814,459,6,22745,lesson6,none,line 5,line 5 part 1
111,12,22753,192,870,459,6,22945,lesson6,none,line 5,line 5 part 1
112,12,22954,534,929,462,6,23488,lesson6,none,line 5,
113,12,23513,192,844,547,6,23705,lesson6,none,,
114,12,23721,342,780,528,6,24063,lesson6,none,line 7,line 7 part 1
115,12,24088,443,899,696,6,24531,lesson6,none,line 11,
116,12,24547,317,757,717,6,24864,lesson6,none,line 11,line 11 part 1
117,12,24881,134,768,547,6,25015,lesson6,none,,
118,12,25023,100,774,511,6,25123,lesson6,none,line 7,line 7 part 1
119,12,25140,83,0,-20,6,25223,lesson6,none,,
120,12,25298,100,807,512,6,25398,lesson6,none,line 7,line 7 part 1
121,12,25415,84,0,-20,6,25499,lesson6,none,,
122,12,25574,33,847,486,6,25607,lesson6,none,,
123,12,25640,301,818,401,6,25941,lesson6,none,line 4,line 4 part 5
124,12,25949,108,809,364,6,26057,lesson6,none,line 3,
125,12,26091,309,750,372,6,26400,lesson6,none,line 3,line 3 part 4
126,12,26408,342,808,390,6,26750,lesson6,none,line 3,
127,12,26775,100,0,-20,6,26875,lesson6,none,,
128,12,26925,59,827,306,6,26984,lesson6,none,,
129,12,26992,108,768,354,6,27100,lesson6,none,line 2,line 2 part 4
130,12,27109,208,741,379,6,27317,lesson6,none,line 3,line 3 part 4
131,12,27334,167,0,-20,6,27501,lesson6,none,,
132,12,27593,41,798,265,6,27634,lesson6,none,,
133,12,27643,117,747,317,6,27760,lesson6,none,,
134,12,27768,284,744,362,6,28052,lesson6,none,line 3,line 3 part 4
135,12,28077,117,0,-20,6,28194,lesson6,none,,
136,12,28319,492,762,372,6,28811,lesson6,none,line 3,
137,12,28819,442,802,411,6,29261,lesson6,none,line 4,line 4 part 4
138,12,29270,192,744,382,6,29462,lesson6,none,line 3,line 3 part 4
139,12,29478,42,0,-20,6,29520,lesson6,none,,
140,12,29612,359,732,365,6,29971,lesson6,none,line 3,line 3 part 4
141,12,29987,417,828,371,6,30404,lesson6,none,line 3,line 3 part 8
142,12,30421,317,978,373,6,30738,lesson6,none,line 3,line 3 part 10
143,12,30772,192,806,372,6,30964,lesson6,none,line 3,line 3 part 7
144,12,30972,142,745,378,6,31114,lesson6,none,line 3,line 3 part 4
145,12,31139,75,0,-20,6,31214,lesson6,none,,
146,12,31314,117,762,348,6,31431,lesson6,none,line 2,line 2 part 4
147,12,31439,359,784,381,6,31798,lesson6,none,line 3,line 3 part 6
148,12,31806,292,839,378,6,32098,lesson6,none,line 3,line 3 part 8
149,12,32107,325,767,409,6,32432,lesson6,none,line 4,line 4 part 3
150,12,32457,134,794,589,6,32591,lesson6,none,,
151,12,32616,141,850,688,6,32757,lesson6,none,line 10,line 10 part 6
152,12,32766,167,896,694,6,32933,lesson6,none,line 11,line 11 part 2
153,12,32966,334,795,424,6,33300,lesson6,none,line 4,line 4 part 4
154,12,33308,250,810,441,6,33558,lesson6,none,line 5,line 5 part 1
155,12,33575,167,799,503,6,33742,lesson6,none,,
156,12,33750,317,843,525,6,34067,lesson6,none,line 7,line 7 part 1
157,12,34092,351,675,692,6,34443,lesson6,none,line 10,line 10 part 2
158,12,34451,167,643,680,6,34618,lesson6,none,line 10,line 10 part 1
159,12,34635,125,0,-20,6,34760,lesson6,none,,
160,12,34835,67,725,626,6,34902,lesson6,none,,
161,12,34927,233,834,657,6,35160,lesson6,none,line 10,line 10 part 6
162,12,35177,192,910,674,6,35369,lesson6,none,line 10,line 10 part 9
163,12,35394,33,687,690,6,35427,lesson6,none,line 10,line 10 part 2
164,12,35436,208,681,718,6,35644,lesson6,none,line 11,line 11 part 1
165,12,35661,184,765,716,6,35845,lesson6,none,line 11,line 11 part 1
166,12,35853,217,821,719,6,36070,lesson6,none,line 11,line 11 part 1
167,12,36078,234,865,713,6,36312,lesson6,none,line 11,line 11 part 1
168,12,36320,142,835,708,6,36462,lesson6,none,line 11,line 11 part 1
169,12,36470,109,889,695,6,36579,lesson6,none,line 11,line 11 part 2
170,12,36595,92,0,-20,6,36687,lesson6,none,,
171,12,36754,1502,747,365,6,38256,lesson6,none,line 3,line 3 part 4
172,12,38264,59,761,389,6,38323,lesson6,none,line 3,
173,12,38331,100,796,388,6,38431,lesson6,none,line 3,
174,12,38439,309,813,359,6,38748,lesson6,none,line 2,line 2 part 4
175,12,38773,92,0,-20,6,38865,lesson6,none,,
176,12,38965,167,857,349,6,39132,lesson6,none,line 2,line 2 part 4
177,12,39149,200,784,394,6,39349,lesson6,none,line 3,line 3 part 6
178,12,39366,267,903,373,6,39633,lesson6,none,line 3,line 3 part 10
179,12,39641,167,1015,363,6,39808,lesson6,none,line 3,line 3 part 10
180,12,39816,50,1048,366,6,39866,lesson6,none,line 3,
181,12,39900,241,686,371,6,40141,lesson6,none,line 3,line 3 part 2
182,12,40150,142,733,362,6,40292,lesson6,none,line 3,line 3 part 4
183,12,40308,92,0,-20,6,40400,lesson6,none,,
184,12,40509,158,789,338,6,40667,lesson6,none,line 2,line 2 part 4
185,12,40676,175,842,362,6,40851,lesson6,none,line 3,line 3 part 8
186,12,40859,200,994,366,6,41059,lesson6,none,line 3,line 3 part 10
187,12,41084,192,778,396,6,41276,lesson6,none,line 3,
188,12,41301,125,0,-20,6,41426,lesson6,none,,
189,12,41518,67,792,369,6,41585,lesson6,none,line 3,line 3 part 6
190,12,41593,67,776,403,6,41660,lesson6,none,line 4,
191,12,41668,176,741,433,6,41844,lesson6,none,line 4,line 4 part 2
192,12,41852,551,820,415,6,42403,lesson6,none,line 4,line 4 part 5
193,12,42411,250,871,395,6,42661,lesson6,none,line 3,line 3 part 9
194,12,42670,258,978,405,6,42928,lesson6,none,line 4,line 4 part 12
195,12,42937,216,1025,400,6,43153,lesson6,none,line 4,line 4 part 13
196,12,43162,158,1000,426,6,43320,lesson6,none,line 4,line 4 part 12
197,12,43337,125,858,429,6,43462,lesson6,none,line 4,
198,12,43479,92,0,-20,6,43571,lesson6,none,,
199,12,43637,509,837,414,6,44146,lesson6,none,line 4,line 4 part 6
200,12,44155,50,841,389,6,44205,lesson6,none,line 3,line 3 part 8
201,12,44213,459,868,397,6,44672,lesson6,none,line 3,line 3 part 9
202,12,44680,34,870,375,6,44714,lesson6,none,line 3,line 3 part 9
203,12,44722,301,924,363,6,45023,lesson6,none,line 3,line 3 part 10
204,12,45031,225,819,392,6,45256,lesson6,none,line 3,line 3 part 8
205,12,45264,201,754,384,6,45465,lesson6,none,line 3,line 3 part 4
206,12,45490,50,146,56,6,45540,lesson6,none,,
207,12,45632,141,833,365,6,45773,lesson6,none,line 3,line 3 part 8
208,12,45790,125,0,-20,6,45915,lesson6,none,,
209,12,45999,225,838,415,6,46224,lesson6,none,line 4,line 4 part 6
210,12,46232,334,835,345,6,46566,lesson6,none,line 2,line 2 part 4
211,12,46583,192,778,375,6,46775,lesson6,none,line 3,
212,12,46783,317,754,378,6,47100,lesson6,none,line 3,line 3 part 4
213,12,47108,151,785,392,6,47259,lesson6,none,line 3,line 3 part 6
214,12,47284,133,871,399,6,47417,lesson6,none,line 4,line 4 part 8
215,12,47425,142,880,370,6,47567,lesson6,none,line 3,
216,12,47576,192,920,361,6,47768,lesson6,none,line 3,line 3 part 10
217,12,47776,367,1047,371,6,48143,lesson6,none,line 3,
218,12,48160,150,966,351,6,48310,lesson6,none,line 2,line 2 part 7
219,12,48318,167,953,377,6,48485,lesson6,none,line 3,line 3 part 10
220,12,48493,226,926,391,6,48719,lesson6,none,line 3,line 3 part 10
221,12,48752,117,0,-20,6,48869,lesson6,none,,
222,12,48952,184,974,351,6,49136,lesson6,none,line 2,line 2 part 7
223,12,49178,634,904,672,6,49812,lesson6,none,line 10,line 10 part 8
224,12,49853,259,941,401,6,50112,lesson6,none,line 4,line 4 part 10
225,12,50120,92,944,377,6,50212,lesson6,none,line 3,line 3 part 10
226,12,50237,117,0,-20,6,50354,lesson6,none,,
227,12,50421,67,860,667,6,50488,lesson6,none,line 10,line 10 part 6
228,12,50496,334,850,706,6,50830,lesson6,none,line 11,line 11 part 1
229,12,50838,225,835,667,6,51063,lesson6,none,line 10,line 10 part 6
230,12,51097,200,877,407,6,51297,lesson6,none,line 4,line 4 part 8
231,12,51305,192,903,365,6,51497,lesson6,none,line 3,line 3 part 10
232,12,51514,142,782,388,6,51656,lesson6,none,line 3,
233,12,51664,192,775,409,6,51856,lesson6,none,line 4,
234,12,51864,175,812,449,6,52039,lesson6,none,line 5,line 5 part 1
235,12,52048,125,0,-20,6,52173,lesson6,none,,
236,12,52273,83,844,350,6,52356,lesson6,none,line 2,line 2 part 4
237,12,52365,125,861,376,6,52490,lesson6,none,line 3,line 3 part 9
238,12,52498,301,912,380,6,52799,lesson6,none,line 3,line 3 part 10
239,12,52807,217,962,392,6,53024,lesson6,none,line 3,line 3 part 10
240,12,53049,92,909,686,6,53141,lesson6,none,line 10,
241,12,53149,125,891,699,6,53274,lesson6,none,line 11,line 11 part 2
242,12,53291,217,826,717,6,53508,lesson6,none,line 11,line 11 part 1
243,12,53525,192,746,721,6,53717,lesson6,none,line 11,line 11 part 1
244,12,53733,75,0,-20,6,53808,lesson6,none,,
245,12,53858,251,854,395,6,54109,lesson6,none,line 3,line 3 part 9
246,12,54125,167,877,482,6,54292,lesson6,none,,
247,12,54301,141,903,456,6,54442,lesson6,none,line 5,line 5 part 1
248,12,54467,368,868,707,6,54835,lesson6,none,line 11,line 11 part 1
249,12,54843,58,830,720,6,54901,lesson6,none,line 11,line 11 part 1
250,12,54910,183,806,718,6,55093,lesson6,none,line 11,line 11 part 1
251,12,55110,75,0,-20,6,55185,lesson6,none,,
252,12,55268,142,779,380,6,55410,lesson6,none,line 3,
253,12,55419,292,745,374,6,55711,lesson6,none,line 3,line 3 part 4
254,12,55719,250,802,388,6,55969,lesson6,none,line 3,line 3 part 7
255,12,56003,208,838,684,6,56211,lesson6,none,line 10,line 10 part 6
256,12,56236,142,890,707,6,56378,lesson6,none,line 11,line 11 part 2
257,12,56411,217,810,399,6,56628,lesson6,none,line 4,
258,12,56637,275,803,368,6,56912,lesson6,none,line 3,line 3 part 7
259,12,56920,151,831,377,6,57071,lesson6,none,line 3,line 3 part 8
260,12,57079,108,0,-20,6,57187,lesson6,none,,
261,12,57238,58,853,299,6,57296,lesson6,none,,
262,12,57304,167,854,350,6,57471,lesson6,none,line 2,line 2 part 4
263,12,57479,109,846,374,6,57588,lesson6,none,line 3,line 3 part 8
264,12,57596,34,820,380,6,57630,lesson6,none,line 3,line 3 part 8
265,12,57638,309,762,381,6,57947,lesson6,none,line 3,
266,12,57955,58,754,361,6,58013,lesson6,none,line 3,line 3 part 4
267,12,58022,158,826,371,6,58180,lesson6,none,line 3,line 3 part 8
268,12,58214,83,1057,355,6,58297,lesson6,none,line 2,line 2 part 7
269,12,58306,133,1074,320,6,58439,lesson6,none,,
270,12,58447,209,1080,356,6,58656,lesson6,none,line 2,line 2 part 8
271,12,58681,159,885,361,6,58840,lesson6,none,line 3,line 3 part 10
272,12,58856,92,0,-20,6,58948,lesson6,none,,
273,12,59065,67,823,308,6,59132,lesson6,none,,
274,12,59140,200,834,341,6,59340,lesson6,none,line 2,line 2 part 4
275,12,59357,275,927,356,6,59632,lesson6,none,line 2,line 2 part 7
276,12,59640,234,958,363,6,59874,lesson6,none,line 3,line 3 part 10
277,12,59883,183,910,351,6,60066,lesson6,none,line 2,line 2 part 6
278,12,60099,276,900,724,6,60375,lesson6,none,line 11,
279,12,60408,242,928,410,6,60650,lesson6,none,line 4,line 4 part 10
280,12,60658,109,932,372,6,60767,lesson6,none,line 3,line 3 part 10
281,12,60792,50,0,-20,6,60842,lesson6,none,,
282,12,60909,342,839,372,6,61251,lesson6,none,line 3,line 3 part 8
283,12,61259,309,871,367,6,61568,lesson6,none,line 3,line 3 part 9
284,12,61576,59,882,395,6,61635,lesson6,none,line 3,
285,12,61643,542,935,410,6,62185,lesson6,none,line 4,line 4 part 10
286,12,62202,100,0,-20,6,62302,lesson6,none,,
287,12,62369,125,844,378,6,62494,lesson6,none,line 3,line 3 part 8
288,12,62502,151,878,421,6,62653,lesson6,none,line 4,line 4 part 8
289,12,62661,33,877,395,6,62694,lesson6,none,line 3,line 3 part 9
290,12,62711,108,0,-20,6,62819,lesson6,none,,
291,12,62920,375,832,400,6,63295,lesson6,none,line 4,line 4 part 6
292,12,63312,475,920,417,6,63787,lesson6,none,line 4,
293,12,63796,225,903,353,6,64021,lesson6,none,line 2,line 2 part 6
294,12,64046,317,822,368,6,64363,lesson6,none,line 3,line 3 part 8
295,12,64371,100,0,-20,6,64471,lesson6,none,,
296,12,64555,83,813,364,6,64638,lesson6,none,line 3,line 3 part 8
297,12,64663,125,0,-20,6,64788,lesson6,none,,
298,12,64880,292,785,403,6,65172,lesson6,none,line 4,line 4 part 4
299,12,65181,250,836,425,6,65431,lesson6,none,line 4,line 4 part 6
300,12,65439,159,879,411,6,65598,lesson6,none,line 4,line 4 part 8
301,12,65606,492,931,413,6,66098,lesson6,none,line 4,line 4 part 10
302,12,66115,75,0,-20,6,66190,lesson6,none,,
303,12,66224,50,868,339,6,66274,lesson6,none,line 2,line 2 part 4
304,12,66282,58,878,369,6,66340,lesson6,none,line 3,line 3 part 9
305,12,66349,492,823,404,6,66841,lesson6,none,line 4,line 4 part 5
306,12,66849,226,868,430,6,67075,lesson6,none,line 4,line 4 part 8
307,12,67083,242,842,385,6,67325,lesson6,none,line 3,line 3 part 8
308,12,67342,141,787,371,6,67483,lesson6,none,line 3,line 3 part 6
309,12,67500,75,0,-20,6,67575,lesson6,none,,
310,12,67650,259,905,364,6,67909,lesson6,none,line 3,line 3 part 10
311,12,67917,184,904,415,6,68101,lesson6,none,line 4,line 4 part 9
312,12,68118,125,0,-20,6,68243,lesson6,none,,
313,12,68351,167,841,437,6,68518,lesson6,none,line 5,line 5 part 1
314,12,68535,350,822,536,6,68885,lesson6,none,line 7,line 7 part 1
315,12,68893,159,836,515,6,69052,lesson6,none,line 7,line 7 part 1
316,12,69060,101,857,493,6,69161,lesson6,none,,
317,12,69169,125,898,450,6,69294,lesson6,none,line 5,line 5 part 1
318,12,69311,150,0,-20,6,69461,lesson6,none,,
319,12,69603,33,883,406,6,69636,lesson6,none,line 4,line 4 part 8
320,12,69645,191,929,437,6,69836,lesson6,none,line 5,
321,12,69861,317,777,366,6,70178,lesson6,none,line 3,line 3 part 5
322,12,70187,192,749,372,6,70379,lesson6,none,line 3,line 3 part 4
323,12,70387,434,784,357,6,70821,lesson6,none,line 2,line 2 part 4
324,12,70829,259,825,369,6,71088,lesson6,none,line 3,line 3 part 8
325,12,71113,83,0,-20,6,71196,lesson6,none,,
326,12,71263,92,903,333,6,71355,lesson6,none,line 2,line 2 part 6
327,12,71363,326,916,352,6,71689,lesson6,none,line 2,line 2 part 6
328,12,71705,242,835,415,6,71947,lesson6,none,line 4,line 4 part 6
329,12,71956,175,847,382,6,72131,lesson6,none,line 3,line 3 part 8
330,12,72164,125,0,-20,6,72289,lesson6,none,,
331,12,72365,91,857,339,6,72456,lesson6,none,line 2,line 2 part 4
332,12,72465,383,848,374,6,72848,lesson6,none,line 3,line 3 part 8
333,12,72865,200,0,-20,6,73065,lesson6,none,,
334,12,73115,34,849,342,6,73149,lesson6,none,line 2,line 2 part 4
335,12,73157,50,826,368,6,73207,lesson6,none,line 3,line 3 part 8
336,12,73216,108,814,402,6,73324,lesson6,none,line 4,line 4 part 5
337,12,73332,593,858,380,6,73925,lesson6,none,line 3,line 3 part 9
338,12,73941,301,941,395,6,74242,lesson6,none,line 3,line 3 part 10
339,12,74250,309,974,421,6,74559,lesson6,none,line 4,
340,12,74584,634,893,422,6,75218,lesson6,none,line 4,line 4 part 9
341,12,75235,225,835,528,6,75460,lesson6,none,line 7,line 7 part 1
342,12,75477,233,866,390,6,75710,lesson6,none,line 3,line 3 part 9
343,12,75719,192,912,371,6,75911,lesson6,none,line 3,line 3 part 10
344,12,75927,359,1057,361,6,76286,lesson6,none,line 3,line 3 part 12
345,12,76303,208,939,355,6,76511,lesson6,none,line 2,line 2 part 7
346,12,76520,383,890,356,6,76903,lesson6,none,line 2,
347,12,76920,250,921,471,6,77170,lesson6,none,line 5,line 5 part 2
348,12,77204,108,1033,358,6,77312,lesson6,none,line 2,line 2 part 7
349,12,77329,100,0,-20,6,77429,lesson6,none,,
350,12,77496,108,1042,340,6,77604,lesson6,none,line 2,line 2 part 7
351,12,77646,217,926,707,6,77863,lesson6,none,line 11,line 11 part 4
352,12,77930,459,983,385,6,78389,lesson6,none,line 3,line 3 part 10
353,12,78414,283,876,478,6,78697,lesson6,none,,
354,12,78722,259,862,733,6,78981,lesson6,none,,
355,12,78989,134,851,713,6,79123,lesson6,none,line 11,line 11 part 1
356,12,79148,217,718,691,6,79365,lesson6,none,line 10,line 10 part 3
357,12,79398,259,764,366,6,79657,lesson6,none,line 3,line 3 part 5
358,12,79665,492,888,376,6,80157,lesson6,none,line 3,line 3 part 10
359,12,80166,100,786,384,6,80266,lesson6,none,line 3,line 3 part 6
360,12,80291,83,0,-20,6,80374,lesson6,none,,
361,12,80433,117,809,363,6,80550,lesson6,none,line 3,
362,12,80558,259,850,329,6,80817,lesson6,none,line 2,line 2 part 4
363,12,80842,208,731,358,6,81050,lesson6,none,line 2,line 2 part 3
364,12,81075,100,0,-20,6,81175,lesson6,none,,
365,12,81234,83,792,461,6,81317,lesson6,none,line 5,line 5 part 1
366,12,81326,175,782,496,6,81501,lesson6,none,,
367,12,81509,292,774,534,6,81801,lesson6,none,line 7,line 7 part 1
368,12,81818,317,786,428,6,82135,lesson6,none,line 4,line 4 part 4
369,12,82151,334,0,-20,6,82485,lesson6,none,,
370,12,82569,325,767,413,6,82894,lesson6,none,line 4,line 4 part 3
371,12,82911,225,929,417,6,83136,lesson6,none,line 4,line 4 part 10
372,12,83153,275,853,456,6,83428,lesson6,none,line 5,line 5 part 1
373,12,83436,201,884,457,6,83637,lesson6,none,line 5,line 5 part 1
374,12,83645,133,920,448,6,83778,lesson6,none,line 5,line 5 part 2
375,12,83804,308,773,543,6,84112,lesson6,none,line 7,line 7 part 1
376,12,84146,100,687,322,6,84246,lesson6,none,,
377,12,84254,33,678,300,6,84287,lesson6,none,,
378,12,84296,292,671,251,6,84588,lesson6,none,line 1,line 1 part 3
379,12,84596,334,703,237,6,84930,lesson6,none,,
380,12,84972,133,742,628,6,85105,lesson6,none,,
381,12,85114,191,771,674,6,85305,lesson6,none,line 10,line 10 part 4
382,12,85314,192,863,674,6,85506,lesson6,none,line 10,line 10 part 6
383,12,85531,333,810,533,6,85864,lesson6,none,line 7,line 7 part 1
384,12,85948,50,575,173,6,85998,lesson6,none,,
